benchmark,clients,instance,when,routes,distance,who,detailed,url
LiLim,100,lc101,2001-01-01,10,828.9369,Li&Lim,SAM::OPT,best_known_solutions/LiLim/2001-01-01/lc101.10_828.9369.txt
LiLim,100,lc102,2001-01-01,10,828.9369,Li&Lim,SAM::OPT,best_known_solutions/LiLim/2001-01-01/lc102.10_828.9369.txt
LiLim,100,lc103,2003-06-27,9,1035.3499,SAM::OPT,SAM::OPT,best_known_solutions/LiLim/2003-06-27/lc103.9_1035.3499.txt
LiLim,100,lc104,2003-04-11,9,860.0112,SAM::OPT,SAM::OPT,best_known_solutions/LiLim/2003-04-11/lc104.9_860.0112.txt
LiLim,100,lc105,2001-01-01,10,828.9369,Li&Lim,SAM::OPT,best_known_solutions/LiLim/2001-01-01/lc105.10_828.9369.txt
LiLim,100,lc106,2001-01-01,10,828.9369,Li&Lim,SAM::OPT,best_known_solutions/LiLim/2001-01-01/lc106.10_828.9369.txt
LiLim,100,lc107,2001-01-01,10,828.9369,Li&Lim,SAM::OPT,best_known_solutions/LiLim/2001-01-01/lc107.10_828.9369.txt
LiLim,100,lc108,2001-01-01,10,826.4392,Li&Lim,SAM::OPT,best_known_solutions/LiLim/2001-01-01/lc108.10_826.4392.txt
LiLim,100,lc109,2003-06-27,9,1000.5962,Q,Q,best_known_solutions/LiLim/2003-06-27/lc109.9_1000.5962.txt
LiLim,100,lc201,2001-01-01,3,591.5566,Li&Lim,SAM::OPT,best_known_solutions/LiLim/2001-01-01/lc201.3_591.5566.txt
LiLim,100,lc202,2001-01-01,3,591.5566,Li&Lim,SAM::OPT,best_known_solutions/LiLim/2001-01-01/lc202.3_591.5566.txt
LiLim,100,lc203,2003-03-11,3,591.1734,SAM::OPT,SAM::OPT,best_known_solutions/LiLim/2003-03-11/lc203.3_591.1734.txt
LiLim,100,lc204,2003-03-08,3,590.5987,SAM::OPT,SAM::OPT,best_known_solutions/LiLim/2003-03-08/lc204.3_590.5987.txt
LiLim,100,lc205,2001-01-01,3,588.8760,Li&Lim,SAM::OPT,best_known_solutions/LiLim/2001-01-01/lc205.3_588.876.txt
LiLim,100,lc206,2001-01-01,3,588.4928,Li&Lim,SAM::OPT,best_known_solutions/LiLim/2001-01-01/lc206.3_588.4928.txt
LiLim,100,lc207,2001-01-01,3,588.2863,Li&Lim,SAM::OPT,best_known_solutions/LiLim/2001-01-01/lc207.3_588.2863.txt
LiLim,100,lc208,2001-01-01,3,588.3238,Li&Lim,SAM::OPT,best_known_solutions/LiLim/2001-01-01/lc208.3_588.3238.txt
LiLim,100,lr101,2001-01-01,19,1650.7992,Li&Lim,SAM::OPT,best_known_solutions/LiLim/2001-01-01/lr101.19_1650.7992.txt
LiLim,100,lr102,2001-01-01,17,1487.5704,Li&Lim,SAM::OPT,best_known_solutions/LiLim/2001-01-01/lr102.17_1487.5704.txt
LiLim,100,lr103,2001-01-01,13,1292.6755,Li&Lim,SAM::OPT,best_known_solutions/LiLim/2001-01-01/lr103.13_1292.6755.txt
LiLim,100,lr104,2001-01-01,9,1013.3893,Li&Lim,SAM::OPT,best_known_solutions/LiLim/2001-01-01/lr104.9_1013.3893.txt
LiLim,100,lr105,2001-01-01,14,1377.1110,Li&Lim,SAM::OPT,best_known_solutions/LiLim/2001-01-01/lr105.14_1377.111.txt
LiLim,100,lr106,2001-01-01,12,1252.6167,Li&Lim,SAM::OPT,best_known_solutions/LiLim/2001-01-01/lr106.12_1252.6167.txt
LiLim,100,lr107,2001-01-01,10,1111.3132,Li&Lim,SAM::OPT,best_known_solutions/LiLim/2001-01-01/lr107.10_1111.3132.txt
LiLim,100,lr108,2001-01-01,9,968.9660,Li&Lim,SAM::OPT,best_known_solutions/LiLim/2001-01-01/lr108.9_968.966.txt
LiLim,100,lr109,2003-02-27,11,1208.9648,SAM::OPT,SAM::OPT,best_known_solutions/LiLim/2003-02-27/lr109.11_1208.9648.txt
LiLim,100,lr110,2001-01-01,10,1159.3484,Li&Lim,SAM::OPT,best_known_solutions/LiLim/2001-01-01/lr110.10_1159.3484.txt
LiLim,100,lr111,2001-01-01,10,1108.9007,Li&Lim,SAM::OPT,best_known_solutions/LiLim/2001-01-01/lr111.10_1108.9007.txt
LiLim,100,lr112,2001-01-01,9,1003.7670,Li&Lim,SAM::OPT,best_known_solutions/LiLim/2001-01-01/lr112.9_1003.767.txt
LiLim,100,lr201,2003-02-28,4,1253.2340,SAM::OPT,SAM::OPT,best_known_solutions/LiLim/2003-02-28/lr201.4_1253.234.txt
LiLim,100,lr202,2001-01-01,3,1197.6655,Li&Lim,SAM::OPT,best_known_solutions/LiLim/2001-01-01/lr202.3_1197.6655.txt
LiLim,100,lr203,2001-01-01,3,949.3964,Li&Lim,SAM::OPT,best_known_solutions/LiLim/2001-01-01/lr203.3_949.3964.txt
LiLim,100,lr204,2001-01-01,2,849.0504,Li&Lim,SAM::OPT,best_known_solutions/LiLim/2001-01-01/lr204.2_849.0504.txt
LiLim,100,lr205,2001-01-01,3,1054.0186,Li&Lim,SAM::OPT,best_known_solutions/LiLim/2001-01-01/lr205.3_1054.0186.txt
LiLim,100,lr206,2001-01-01,3,931.6254,Li&Lim,SAM::OPT,best_known_solutions/LiLim/2001-01-01/lr206.3_931.6254.txt
LiLim,100,lr207,2001-01-01,2,903.0556,Li&Lim,SAM::OPT,best_known_solutions/LiLim/2001-01-01/lr207.2_903.0556.txt
LiLim,100,lr208,2001-01-01,2,734.8480,Li&Lim,SAM::OPT,best_known_solutions/LiLim/2001-01-01/lr208.2_734.848.txt
LiLim,100,lr209,2003-03-09,3,930.5857,SAM::OPT,SAM::OPT,best_known_solutions/LiLim/2003-03-09/lr209.3_930.5857.txt
LiLim,100,lr210,2001-01-01,3,964.2236,Li&Lim,SAM::OPT,best_known_solutions/LiLim/2001-01-01/lr210.3_964.2236.txt
LiLim,100,lr211,2003-05-15,2,911.5183,SAM::OPT,SAM::OPT,best_known_solutions/LiLim/2003-05-15/lr211.2_911.5183.txt
LiLim,100,lrc101,2001-01-01,14,1708.8013,Li&Lim,SAM::OPT,best_known_solutions/LiLim/2001-01-01/lrc101.14_1708.8013.txt
LiLim,100,lrc102,2003-02-19,12,1558.0693,SAM::OPT,SAM::OPT,best_known_solutions/LiLim/2003-02-19/lrc102.12_1558.0693.txt
LiLim,100,lrc103,2001-01-01,11,1258.7371,Li&Lim,SAM::OPT,best_known_solutions/LiLim/2001-01-01/lrc103.11_1258.7371.txt
LiLim,100,lrc104,2001-01-01,10,1128.4012,Li&Lim,SAM::OPT,best_known_solutions/LiLim/2001-01-01/lrc104.10_1128.4012.txt
LiLim,100,lrc105,2001-01-01,13,1637.6244,Li&Lim,SAM::OPT,best_known_solutions/LiLim/2001-01-01/lrc105.13_1637.6244.txt
LiLim,100,lrc106,2003-02-28,11,1424.7337,SAM::OPT,SAM::OPT,best_known_solutions/LiLim/2003-02-28/lrc106.11_1424.7337.txt
LiLim,100,lrc107,2003-02-18,11,1230.1448,SAM::OPT,SAM::OPT,best_known_solutions/LiLim/2003-02-18/lrc107.11_1230.1448.txt
LiLim,100,lrc108,2003-02-28,10,1147.4253,SAM::OPT,SAM::OPT,best_known_solutions/LiLim/2003-02-28/lrc108.10_1147.4253.txt
LiLim,100,lrc201,2003-02-28,4,1406.9401,SAM::OPT,SAM::OPT,best_known_solutions/LiLim/2003-02-28/lrc201.4_1406.9401.txt
LiLim,100,lrc202,2001-01-01,3,1374.2668,Li&Lim,SAM::OPT,best_known_solutions/LiLim/2001-01-01/lrc202.3_1374.2668.txt
LiLim,100,lrc203,2001-01-01,3,1089.0677,Li&Lim,SAM::OPT,best_known_solutions/LiLim/2001-01-01/lrc203.3_1089.0677.txt
LiLim,100,lrc204,2003-03-23,3,818.6631,SAM::OPT,SAM::OPT,best_known_solutions/LiLim/2003-03-23/lrc204.3_818.6631.txt
LiLim,100,lrc205,2001-01-01,4,1302.1985,Li&Lim,SAM::OPT,best_known_solutions/LiLim/2001-01-01/lrc205.4_1302.1985.txt
LiLim,100,lrc206,2003-03-12,3,1159.0332,SAM::OPT,SAM::OPT,best_known_solutions/LiLim/2003-03-12/lrc206.3_1159.0332.txt
LiLim,100,lrc207,2004-01-04,3,1062.0483,SAM::OPT,SAM::OPT,best_known_solutions/LiLim/2004-01-04/lrc207.3_1062.0483.txt
LiLim,100,lrc208,2001-01-01,3,852.7576,Li&Lim,SAM::OPT,best_known_solutions/LiLim/2001-01-01/lrc208.3_852.7576.txt
LiLim,200,lc1_2_1,2001-01-01,20,2704.5678,Li&Lim,SAM::OPT,best_known_solutions/LiLim/2001-01-01/lc1_2_1.20_2704.5678.txt
LiLim,200,lc1_2_2,2001-01-01,19,2764.5552,Li&Lim,SAM::OPT,best_known_solutions/LiLim/2001-01-01/lc1_2_2.19_2764.5552.txt
LiLim,200,lc1_2_3,2016-07-15,17,3127.7846,H,H,best_known_solutions/LiLim/2016-07-15/lc1_2_3.17_3127.7846.txt
LiLim,200,lc1_2_4,2003-06-27,17,2693.4088,K,K,best_known_solutions/LiLim/2003-06-27/lc1_2_4.17_2693.4088.txt
LiLim,200,lc1_2_5,2001-01-01,20,2702.0488,Li&Lim,SAM::OPT,best_known_solutions/LiLim/2001-01-01/lc1_2_5.20_2702.0488.txt
LiLim,200,lc1_2_6,2001-01-01,20,2701.0354,Li&Lim,SAM::OPT,best_known_solutions/LiLim/2001-01-01/lc1_2_6.20_2701.0354.txt
LiLim,200,lc1_2_7,2001-01-01,20,2701.0354,Li&Lim,SAM::OPT,best_known_solutions/LiLim/2001-01-01/lc1_2_7.20_2701.0354.txt
LiLim,200,lc1_2_8,2018-04-18,19,3354.2726,SB,SB,best_known_solutions/LiLim/2018-04-18/lc1_2_8.19_3354.2726.txt
LiLim,200,lc1_2_9,2001-01-01,18,2724.2353,Li&Lim,SAM::OPT,best_known_solutions/LiLim/2001-01-01/lc1_2_9.18_2724.2353.txt
LiLim,200,lc1_2_10,2015-11-19,17,2942.1319,EOE,EOE,best_known_solutions/LiLim/2015-11-19/lc1_2_10.17_2942.1319.txt
LiLim,200,lc2_2_1,2001-01-01,6,1931.4425,Li&Lim,SAM::OPT,best_known_solutions/LiLim/2001-01-01/lc2_2_1.6_1931.4425.txt
LiLim,200,lc2_2_2,2001-01-01,6,1881.4023,Li&Lim,SAM::OPT,best_known_solutions/LiLim/2001-01-01/lc2_2_2.6_1881.4023.txt
LiLim,200,lc2_2_3,2003-04-15,6,1844.3281,SAM::OPT,SAM::OPT,best_known_solutions/LiLim/2003-04-15/lc2_2_3.6_1844.3281.txt
LiLim,200,lc2_2_4,2001-01-01,6,1767.1183,Li&Lim,SAM::OPT,best_known_solutions/LiLim/2001-01-01/lc2_2_4.6_1767.1183.txt
LiLim,200,lc2_2_5,2001-01-01,6,1891.2090,Li&Lim,SAM::OPT,best_known_solutions/LiLim/2001-01-01/lc2_2_5.6_1891.209.txt
LiLim,200,lc2_2_6,2003-12-29,6,1857.7772,SAM::OPT,SAM::OPT,best_known_solutions/LiLim/2003-12-29/lc2_2_6.6_1857.7772.txt
LiLim,200,lc2_2_7,2003-12-10,6,1850.1343,SAM::OPT,SAM::OPT,best_known_solutions/LiLim/2003-12-10/lc2_2_7.6_1850.1343.txt
LiLim,200,lc2_2_8,2001-01-01,6,1824.3360,Li&Lim,SAM::OPT,best_known_solutions/LiLim/2001-01-01/lc2_2_8.6_1824.336.txt
LiLim,200,lc2_2_9,2003-09-01,6,1854.2104,SAM::OPT,SAM::OPT,best_known_solutions/LiLim/2003-09-01/lc2_2_9.6_1854.2104.txt
LiLim,200,lc2_2_10,2001-01-01,6,1817.4533,Li&Lim,SAM::OPT,best_known_solutions/LiLim/2001-01-01/lc2_2_10.6_1817.4533.txt
LiLim,200,lr1_2_1,2001-01-01,20,4819.1241,Li&Lim,SAM::OPT,best_known_solutions/LiLim/2001-01-01/lr1_2_1.20_4819.1241.txt
LiLim,200,lr1_2_2,2003-07-08,17,4621.2058,K,K,best_known_solutions/LiLim/2003-07-08/lr1_2_2.17_4621.2058.txt
LiLim,200,lr1_2_3,2016-02-27,14,4402.3848,CLS,CLS,best_known_solutions/LiLim/2016-02-27/lr1_2_3.14_4402.3848.txt
LiLim,200,lr1_2_4,2018-04-18,10,3027.0620,SB,SB,best_known_solutions/LiLim/2018-04-18/lr1_2_4.10_3027.062.txt
LiLim,200,lr1_2_5,2003-06-27,16,4760.1815,Shobb,Shobb,best_known_solutions/LiLim/2003-06-27/lr1_2_5.16_4760.1815.txt
LiLim,200,lr1_2_6,2016-02-26,13,4800.9395,CLS,CLS,best_known_solutions/LiLim/2016-02-26/lr1_2_6.13_4800.9395.txt
LiLim,200,lr1_2_7,2018-04-18,12,3543.3613,SB,SB,best_known_solutions/LiLim/2018-04-18/lr1_2_7.12_3543.3613.txt
LiLim,200,lr1_2_8,2018-04-18,9,2759.3151,SB,SB,best_known_solutions/LiLim/2018-04-18/lr1_2_8.9_2759.3151.txt
LiLim,200,lr1_2_9,2016-01-16,13,5050.7548,CLS,CLS,best_known_solutions/LiLim/2016-01-16/lr1_2_9.13_5050.7548.txt
LiLim,200,lr1_2_10,2016-07-13,11,3664.0794,H,H,best_known_solutions/LiLim/2016-07-13/lr1_2_10.11_3664.0794.txt
LiLim,200,lr2_2_1,2003-12-09,5,4073.0980,SAM::OPT,SAM::OPT,best_known_solutions/LiLim/2003-12-09/lr2_2_1.5_4073.098.txt
LiLim,200,lr2_2_2,2003-02-14,4,3795.9965,SAM::OPT,SAM::OPT,best_known_solutions/LiLim/2003-02-14/lr2_2_2.4_3795.9965.txt
LiLim,200,lr2_2_3,2003-07-08,4,3098.3585,SAM::OPT,SAM::OPT,best_known_solutions/LiLim/2003-07-08/lr2_2_3.4_3098.3585.txt
LiLim,200,lr2_2_4,2016-07-13,3,2486.0024,H,H,best_known_solutions/LiLim/2016-07-13/lr2_2_4.3_2486.0024.txt
LiLim,200,lr2_2_5,2003-12-13,4,3438.3917,SAM::OPT,SAM::OPT,best_known_solutions/LiLim/2003-12-13/lr2_2_5.4_3438.3917.txt
LiLim,200,lr2_2_6,2019-11-06,3,4457.9540,SCR,SCR,best_known_solutions/LiLim/2019-11-06/lr2_2_6.3_4457.954.txt
LiLim,200,lr2_2_7,2016-07-15,3,3098.3541,H,H,best_known_solutions/LiLim/2016-07-15/lr2_2_7.3_3098.3541.txt
LiLim,200,lr2_2_8,2019-11-06,2,2449.3617,SCR,SCR,best_known_solutions/LiLim/2019-11-06/lr2_2_8.2_2449.3617.txt
LiLim,200,lr2_2_9,2018-04-18,3,3922.1105,SB,SB,best_known_solutions/LiLim/2018-04-18/lr2_2_9.3_3922.1105.txt
LiLim,200,lr2_2_10,2018-04-18,3,3254.8263,SB,SB,best_known_solutions/LiLim/2018-04-18/lr2_2_10.3_3254.8263.txt
LiLim,200,lrc1_2_1,2003-12-14,19,3606.0626,SAM::OPT,SAM::OPT,best_known_solutions/LiLim/2003-12-14/lrc1_2_1.19_3606.0626.txt
LiLim,200,lrc1_2_2,2015-11-19,15,3671.0239,EOE,EOE,best_known_solutions/LiLim/2015-11-19/lrc1_2_2.15_3671.0239.txt
LiLim,200,lrc1_2_3,2016-02-27,13,3154.9222,CLS,CLS,best_known_solutions/LiLim/2016-02-27/lrc1_2_3.13_3154.9222.txt
LiLim,200,lrc1_2_4,2003-07-08,10,2631.8190,K,K,best_known_solutions/LiLim/2003-07-08/lrc1_2_4.10_2631.819.txt
LiLim,200,lrc1_2_5,2003-06-27,16,3715.8094,SAM::OPT,SAM::OPT,best_known_solutions/LiLim/2003-06-27/lrc1_2_5.16_3715.8094.txt
LiLim,200,lrc1_2_6,2015-11-19,16,3572.1589,EOE,EOE,best_known_solutions/LiLim/2015-11-19/lrc1_2_6.16_3572.1589.txt
LiLim,200,lrc1_2_7,2015-04-13,14,3666.3394,K,K,best_known_solutions/LiLim/2015-04-13/lrc1_2_7.14_3666.3394.txt
LiLim,200,lrc1_2_8,2018-04-06,13,3145.7400,CVB,CVB,best_known_solutions/LiLim/2018-04-06/lrc1_2_8.13_3145.74.txt
LiLim,200,lrc1_2_9,2015-11-19,13,3157.3388,EOE,EOE,best_known_solutions/LiLim/2015-11-19/lrc1_2_9.13_3157.3388.txt
LiLim,200,lrc1_2_10,2015-11-19,12,2928.9036,EOE,EOE,best_known_solutions/LiLim/2015-11-19/lrc1_2_10.12_2928.9036.txt
LiLim,200,lrc2_2_1,2015-04-14,6,3595.1783,K,K,best_known_solutions/LiLim/2015-04-14/lrc2_2_1.6_3595.1783.txt
LiLim,200,lrc2_2_2,2016-07-13,5,3158.2501,H,H,best_known_solutions/LiLim/2016-07-13/lrc2_2_2.5_3158.2501.txt
LiLim,200,lrc2_2_3,2016-07-13,4,2881.9865,H,H,best_known_solutions/LiLim/2016-07-13/lrc2_2_3.4_2881.9865.txt
LiLim,200,lrc2_2_4,2019-11-06,3,2835.4049,SCR,SCR,best_known_solutions/LiLim/2019-11-06/lrc2_2_4.3_2835.4049.txt
LiLim,200,lrc2_2_5,2003-06-27,5,2776.9262,SAM::OPT,SAM::OPT,best_known_solutions/LiLim/2003-06-27/lrc2_2_5.5_2776.9262.txt
LiLim,200,lrc2_2_6,2003-12-21,5,2707.9592,SAM::OPT,SAM::OPT,best_known_solutions/LiLim/2003-12-21/lrc2_2_6.5_2707.9592.txt
LiLim,200,lrc2_2_7,2019-11-06,4,3010.6763,SCR,SCR,best_known_solutions/LiLim/2019-11-06/lrc2_2_7.4_3010.6763.txt
LiLim,200,lrc2_2_8,2015-11-17,4,2399.8904,EOE,EOE,best_known_solutions/LiLim/2015-11-17/lrc2_2_8.4_2399.8904.txt
LiLim,200,lrc2_2_9,2003-07-08,4,2208.4949,SAM::OPT,SAM::OPT,best_known_solutions/LiLim/2003-07-08/lrc2_2_9.4_2208.4949.txt
LiLim,200,lrc2_2_10,2016-07-13,3,2437.8805,H,H,best_known_solutions/LiLim/2016-07-13/lrc2_2_10.3_2437.8805.txt
LiLim,400,lc1_4_1,2003-06-16,40,7152.0566,SAM::OPT,SAM::OPT,best_known_solutions/LiLim/2003-06-16/lc1_4_1.40_7152.0566.txt
LiLim,400,lc1_4_2,2015-10-08,38,8007.7853,Q,Q,best_known_solutions/LiLim/2015-10-08/lc1_4_2.38_8007.7853.txt
LiLim,400,lc1_4_3,2019-11-06,32,8678.2293,SCR,SCR,best_known_solutions/LiLim/2019-11-06/lc1_4_3.32_8678.2293.txt
LiLim,400,lc1_4_4,2001-01-01,30,6451.6800,LL,???,best_known_solutions/LiLim/2001-01-01/lc1_4_4.30_6451.68.txt
LiLim,400,lc1_4_5,2003-04-19,40,7149.9962,SAM::OPT,SAM::OPT,best_known_solutions/LiLim/2003-04-19/lc1_4_5.40_7149.9962.txt
LiLim,400,lc1_4_6,2001-01-01,40,7154.0159,Li&Lim,SAM::OPT,best_known_solutions/LiLim/2001-01-01/lc1_4_6.40_7154.0159.txt
LiLim,400,lc1_4_7,2003-03-15,40,7149.4345,SAM::OPT,SAM::OPT,best_known_solutions/LiLim/2003-03-15/lc1_4_7.40_7149.4345.txt
LiLim,400,lc1_4_8,2019-01-17,38,8305.4246,CVB2,CVB2,best_known_solutions/LiLim/2019-01-17/lc1_4_8.38_8305.4246.txt
LiLim,400,lc1_4_9,2015-10-09,36,7451.1989,Q,Q,best_known_solutions/LiLim/2015-10-09/lc1_4_9.36_7451.1989.txt
LiLim,400,lc1_4_10,2019-11-06,34,7850.2241,SCR,SCR,best_known_solutions/LiLim/2019-11-06/lc1_4_10.34_7850.2241.txt
LiLim,400,lc2_4_1,2001-01-01,12,4116.3291,Li&Lim,SAM::OPT,best_known_solutions/LiLim/2001-01-01/lc2_4_1.12_4116.3291.txt
LiLim,400,lc2_4_2,2003-05-15,12,4144.2890,SAM::OPT,SAM::OPT,best_known_solutions/LiLim/2003-05-15/lc2_4_2.12_4144.289.txt
LiLim,400,lc2_4_3,2019-01-17,12,4401.0810,CVB2,CVB2,best_known_solutions/LiLim/2019-01-17/lc2_4_3.12_4401.081.txt
LiLim,400,lc2_4_4,2001-01-01,12,3743.9500,LL,???,best_known_solutions/LiLim/2001-01-01/lc2_4_4.12_3743.95.txt
LiLim,400,lc2_4_5,2003-05-01,12,4030.6341,SAM::OPT,SAM::OPT,best_known_solutions/LiLim/2003-05-01/lc2_4_5.12_4030.6341.txt
LiLim,400,lc2_4_6,2003-04-20,12,3900.2855,SAM::OPT,SAM::OPT,best_known_solutions/LiLim/2003-04-20/lc2_4_6.12_3900.2855.txt
LiLim,400,lc2_4_7,2003-06-27,12,3962.5070,SAM::OPT,SAM::OPT,best_known_solutions/LiLim/2003-06-27/lc2_4_7.12_3962.507.txt
LiLim,400,lc2_4_8,2001-01-01,12,3844.4523,Li&Lim,SAM::OPT,best_known_solutions/LiLim/2001-01-01/lc2_4_8.12_3844.4523.txt
LiLim,400,lc2_4_9,2003-07-08,12,4188.9281,RP2,Shobb,best_known_solutions/LiLim/2003-07-08/lc2_4_9.12_4188.9281.txt
LiLim,400,lc2_4_10,2003-06-27,12,3828.4359,BVH,SAM::OPT,best_known_solutions/LiLim/2003-06-27/lc2_4_10.12_3828.4359.txt
LiLim,400,lr1_4_1,2003-01-01,40,10639.7539,TS,SAM::OPT,best_known_solutions/LiLim/2003-01-01/lr1_4_1.40_10639.7539.txt
LiLim,400,lr1_4_2,2019-01-30,30,11009.5077,SB,SB,best_known_solutions/LiLim/2019-01-30/lr1_4_2.30_11009.5077.txt
LiLim,400,lr1_4_3,2019-01-30,22,9251.1330,SB,SB,best_known_solutions/LiLim/2019-01-30/lr1_4_3.22_9251.133.txt
LiLim,400,lr1_4_4,2019-11-06,15,7037.1662,SCR,SCR,best_known_solutions/LiLim/2019-11-06/lr1_4_4.15_7037.1662.txt
LiLim,400,lr1_4_5,2016-01-23,28,11374.0641,CLS,CLS,best_known_solutions/LiLim/2016-01-23/lr1_4_5.28_11374.0641.txt
LiLim,400,lr1_4_6,2020-03-13,23,11775.7464,CAINIAO,CAINIAO,best_known_solutions/LiLim/2020-03-13/lr1_4_6.23_11775.7464.txt
LiLim,400,lr1_4_7,2019-11-06,18,8675.3602,SCR,SCR,best_known_solutions/LiLim/2019-11-06/lr1_4_7.18_8675.3602.txt
LiLim,400,lr1_4_8,2019-11-06,14,5839.0328,SCR,SCR,best_known_solutions/LiLim/2019-11-06/lr1_4_8.14_5839.0328.txt
LiLim,400,lr1_4_9,2019-11-06,24,9859.4655,SCR,SCR,best_known_solutions/LiLim/2019-11-06/lr1_4_9.24_9859.4655.txt
LiLim,400,lr1_4_10,2019-11-06,20,8192.6546,SCR,SCR,best_known_solutions/LiLim/2019-11-06/lr1_4_10.20_8192.6546.txt
LiLim,400,lr2_4_1,2003-06-27,8,9726.8819,SAM::OPT,SAM::OPT,best_known_solutions/LiLim/2003-06-27/lr2_4_1.8_9726.8819.txt
LiLim,400,lr2_4_2,2019-11-06,7,9405.4012,SCR,SCR,best_known_solutions/LiLim/2019-11-06/lr2_4_2.7_9405.4012.txt
LiLim,400,lr2_4_3,2020-01-21,5,10282.0090,SCR,SCR,best_known_solutions/LiLim/2020-01-21/lr2_4_3.5_10282.009.txt
LiLim,400,lr2_4_4,2019-11-06,4,6201.8431,SCR,SCR,best_known_solutions/LiLim/2019-11-06/lr2_4_4.4_6201.8431.txt
LiLim,400,lr2_4_5,2019-11-06,6,9906.5495,SCR,SCR,best_known_solutions/LiLim/2019-11-06/lr2_4_5.6_9906.5495.txt
LiLim,400,lr2_4_6,2019-11-06,5,8946.9096,SCR,SCR,best_known_solutions/LiLim/2019-11-06/lr2_4_6.5_8946.9096.txt
LiLim,400,lr2_4_7,2020-05-08,4,8023.1147,CAINIAO,CAINIAO,best_known_solutions/LiLim/2020-05-08/lr2_4_7.4_8023.1147.txt
LiLim,400,lr2_4_8,2020-05-08,4,5271.0561,CAINIAO,CAINIAO,best_known_solutions/LiLim/2020-05-08/lr2_4_8.4_5271.0561.txt
LiLim,400,lr2_4_9,2019-11-06,6,7926.0702,SCR,SCR,best_known_solutions/LiLim/2019-11-06/lr2_4_9.6_7926.0702.txt
LiLim,400,lr2_4_10,2019-11-06,5,7596.6238,SCR,SCR,best_known_solutions/LiLim/2019-11-06/lr2_4_10.5_7596.6238.txt
LiLim,400,lrc1_4_1,2015-12-02,36,9124.5172,CLS,CLS,best_known_solutions/LiLim/2015-12-02/lrc1_4_1.36_9124.5172.txt
LiLim,400,lrc1_4_2,2003-07-08,31,8346.0614,SB,SB,best_known_solutions/LiLim/2003-07-08/lrc1_4_2.31_8346.0614.txt
LiLim,400,lrc1_4_3,2019-01-30,24,7805.1637,SB,SB,best_known_solutions/LiLim/2019-01-30/lrc1_4_3.24_7805.1637.txt
LiLim,400,lrc1_4_4,2019-01-30,19,5803.3125,SB,SB,best_known_solutions/LiLim/2019-01-30/lrc1_4_4.19_5803.3125.txt
LiLim,400,lrc1_4_5,2019-01-30,32,8847.4010,SB,SB,best_known_solutions/LiLim/2019-01-30/lrc1_4_5.32_8847.401.txt
LiLim,400,lrc1_4_6,2019-11-06,30,8394.4674,SCR,SCR,best_known_solutions/LiLim/2019-11-06/lrc1_4_6.30_8394.4674.txt
LiLim,400,lrc1_4_7,2011-06-30,28,8037.8690,DK,DK,best_known_solutions/LiLim/2011-06-30/lrc1_4_7.28_8037.869.txt
LiLim,400,lrc1_4_8,2019-01-30,26,7930.1453,SB,SB,best_known_solutions/LiLim/2019-01-30/lrc1_4_8.26_7930.1453.txt
LiLim,400,lrc1_4_9,2019-11-06,25,8004.2380,SCR,SCR,best_known_solutions/LiLim/2019-11-06/lrc1_4_9.25_8004.238.txt
LiLim,400,lrc1_4_10,2019-05-16,23,7064.3626,SCR,SCR,best_known_solutions/LiLim/2019-05-16/lrc1_4_10.23_7064.3626.txt
LiLim,400,lrc2_4_1,2019-11-06,11,9738.9463,SCR,SCR,best_known_solutions/LiLim/2019-11-06/lrc2_4_1.11_9738.9463.txt
LiLim,400,lrc2_4_2,2019-01-30,10,7159.9487,SB,SB,best_known_solutions/LiLim/2019-01-30/lrc2_4_2.10_7159.9487.txt
LiLim,400,lrc2_4_3,2019-11-06,8,6426.4656,SCR,SCR,best_known_solutions/LiLim/2019-11-06/lrc2_4_3.8_6426.4656.txt
LiLim,400,lrc2_4_4,2019-11-06,5,5238.7692,SCR,SCR,best_known_solutions/LiLim/2019-11-06/lrc2_4_4.5_5238.7692.txt
LiLim,400,lrc2_4_5,2019-11-06,10,7309.5386,SCR,SCR,best_known_solutions/LiLim/2019-11-06/lrc2_4_5.10_7309.5386.txt
LiLim,400,lrc2_4_6,2016-01-21,9,6337.0781,Q,Q,best_known_solutions/LiLim/2016-01-21/lrc2_4_6.9_6337.0781.txt
LiLim,400,lrc2_4_7,2019-11-06,8,6292.2344,SCR,SCR,best_known_solutions/LiLim/2019-11-06/lrc2_4_7.8_6292.2344.txt
LiLim,400,lrc2_4_8,2019-11-06,7,5767.7172,SCR,SCR,best_known_solutions/LiLim/2019-11-06/lrc2_4_8.7_5767.7172.txt
LiLim,400,lrc2_4_9,2019-11-06,6,6272.9191,SCR,SCR,best_known_solutions/LiLim/2019-11-06/lrc2_4_9.6_6272.9191.txt
LiLim,400,lrc2_4_10,2019-11-06,6,5397.0830,SCR,SCR,best_known_solutions/LiLim/2019-11-06/lrc2_4_10.6_5397.083.txt
LiLim,600,lc1_6_1,2003-07-14,60,14095.6438,RP2,Shobb,best_known_solutions/LiLim/2003-07-14/lc1_6_1.60_14095.6438.txt
LiLim,600,lc1_6_2,2016-01-13,57,15048.1606,CLS,CLS,best_known_solutions/LiLim/2016-01-13/lc1_6_2.57_15048.1606.txt
LiLim,600,lc1_6_3,2020-03-31,49,14874.6766,SCR,SCR,best_known_solutions/LiLim/2020-03-31/lc1_6_3.49_14874.6766.txt
LiLim,600,lc1_6_4,2019-06-01,47,13321.4530,SCR,SCR,best_known_solutions/LiLim/2019-06-01/lc1_6_4.47_13321.453.txt
LiLim,600,lc1_6_5,2001-01-01,60,14086.3016,Li&Lim,SAM::OPT,best_known_solutions/LiLim/2001-01-01/lc1_6_5.60_14086.3016.txt
LiLim,600,lc1_6_6,2003-07-14,60,14090.7906,RP2,SAM::OPT,best_known_solutions/LiLim/2003-07-14/lc1_6_6.60_14090.7906.txt
LiLim,600,lc1_6_7,2003-07-13,60,14083.7563,SAM::OPT,SAM::OPT,best_known_solutions/LiLim/2003-07-13/lc1_6_7.60_14083.7563.txt
LiLim,600,lc1_6_8,2015-12-08,58,14880.6996,CLS,CLS,best_known_solutions/LiLim/2015-12-08/lc1_6_8.58_14880.6996.txt
LiLim,600,lc1_6_9,2020-01-21,53,15207.5760,SCR,SCR,best_known_solutions/LiLim/2020-01-21/lc1_6_9.53_15207.576.txt
LiLim,600,lc1_6_10,2019-11-06,51,15480.8578,SCR,SCR,best_known_solutions/LiLim/2019-11-06/lc1_6_10.51_15480.8578.txt
LiLim,600,lc2_6_1,2003-07-14,19,7977.9754,SAM::OPT,SAM::OPT,best_known_solutions/LiLim/2003-07-14/lc2_6_1.19_7977.9754.txt
LiLim,600,lc2_6_2,2020-01-21,18,9900.4846,SCR,SCR,best_known_solutions/LiLim/2020-01-21/lc2_6_2.18_9900.4846.txt
LiLim,600,lc2_6_3,2019-11-06,17,8524.0151,SCR,SCR,best_known_solutions/LiLim/2019-11-06/lc2_6_3.17_8524.0151.txt
LiLim,600,lc2_6_4,2019-11-06,17,7860.3824,SCR,SCR,best_known_solutions/LiLim/2019-11-06/lc2_6_4.17_7860.3824.txt
LiLim,600,lc2_6_5,2019-01-17,18,9051.5286,CVB2,CVB2,best_known_solutions/LiLim/2019-01-17/lc2_6_5.18_9051.5286.txt
LiLim,600,lc2_6_6,2019-11-06,18,8775.5460,SCR,SCR,best_known_solutions/LiLim/2019-11-06/lc2_6_6.18_8775.546.txt
LiLim,600,lc2_6_7,2019-11-06,18,9376.5825,SCR,SCR,best_known_solutions/LiLim/2019-11-06/lc2_6_7.18_9376.5825.txt
LiLim,600,lc2_6_8,2003-07-14,18,7579.9262,RP2,Q,best_known_solutions/LiLim/2003-07-14/lc2_6_8.18_7579.9262.txt
LiLim,600,lc2_6_9,2019-11-06,18,8744.7564,SCR,SCR,best_known_solutions/LiLim/2019-11-06/lc2_6_9.18_8744.7564.txt
LiLim,600,lc2_6_10,2019-11-06,17,7946.6021,SCR,SCR,best_known_solutions/LiLim/2019-11-06/lc2_6_10.17_7946.6021.txt
LiLim,600,lr1_6_1,2017-03-17,59,22821.6527,CLS,CLS,best_known_solutions/LiLim/2017-03-17/lr1_6_1.59_22821.6527.txt
LiLim,600,lr1_6_2,2019-01-30,45,20137.2178,SB,SB,best_known_solutions/LiLim/2019-01-30/lr1_6_2.45_20137.2178.txt
LiLim,600,lr1_6_3,2019-11-06,37,17846.1700,SCR,SCR,best_known_solutions/LiLim/2019-11-06/lr1_6_3.37_17846.17.txt
LiLim,600,lr1_6_4,2019-11-06,28,13127.5603,SCR,SCR,best_known_solutions/LiLim/2019-11-06/lr1_6_4.28_13127.5603.txt
LiLim,600,lr1_6_5,2019-11-06,37,23994.3564,SCR,SCR,best_known_solutions/LiLim/2019-11-06/lr1_6_5.37_23994.3564.txt
LiLim,600,lr1_6_6,2020-03-31,31,21063.8093,SCR,SCR,best_known_solutions/LiLim/2020-03-31/lr1_6_6.31_21063.8093.txt
LiLim,600,lr1_6_7,2020-01-21,24,17116.2421,SCR,SCR,best_known_solutions/LiLim/2020-01-21/lr1_6_7.24_17116.2421.txt
LiLim,600,lr1_6_8,2020-01-21,18,11929.0216,SCR,SCR,best_known_solutions/LiLim/2020-01-21/lr1_6_8.18_11929.0216.txt
LiLim,600,lr1_6_9,2019-11-06,31,21835.8698,SCR,SCR,best_known_solutions/LiLim/2019-11-06/lr1_6_9.31_21835.8698.txt
LiLim,600,lr1_6_10,2019-11-06,26,18294.5771,SCR,SCR,best_known_solutions/LiLim/2019-11-06/lr1_6_10.26_18294.5771.txt
LiLim,600,lr2_6_1,2019-01-30,11,21759.3306,SB,SB,best_known_solutions/LiLim/2019-01-30/lr2_6_1.11_21759.3306.txt
LiLim,600,lr2_6_2,2019-11-06,9,21342.5976,SCR,SCR,best_known_solutions/LiLim/2019-11-06/lr2_6_2.9_21342.5976.txt
LiLim,600,lr2_6_3,2020-01-21,7,17499.0469,SCR,SCR,best_known_solutions/LiLim/2020-01-21/lr2_6_3.7_17499.0469.txt
LiLim,600,lr2_6_4,2019-11-06,6,10639.0761,SCR,SCR,best_known_solutions/LiLim/2019-11-06/lr2_6_4.6_10639.0761.txt
LiLim,600,lr2_6_5,2020-04-15,8,23292.1713,CAINIAO,CAINIAO,best_known_solutions/LiLim/2020-04-15/lr2_6_5.8_23292.1713.txt
LiLim,600,lr2_6_6,2020-01-21,7,19099.9745,SCR,SCR,best_known_solutions/LiLim/2020-01-21/lr2_6_6.7_19099.9745.txt
LiLim,600,lr2_6_7,2020-01-21,6,14654.2043,SCR,SCR,best_known_solutions/LiLim/2020-01-21/lr2_6_7.6_14654.2043.txt
LiLim,600,lr2_6_8,2019-08-08,4,12509.1644,Shobb,Shobb,best_known_solutions/LiLim/2019-08-08/lr2_6_8.4_12509.1644.txt
LiLim,600,lr2_6_9,2019-11-06,8,18259.1969,SCR,SCR,best_known_solutions/LiLim/2019-11-06/lr2_6_9.8_18259.1969.txt
LiLim,600,lr2_6_10,2019-11-06,7,16390.6427,SCR,SCR,best_known_solutions/LiLim/2019-11-06/lr2_6_10.7_16390.6427.txt
LiLim,600,lrc1_6_1,2019-01-30,52,18288.8950,SB,SB,best_known_solutions/LiLim/2019-01-30/lrc1_6_1.52_18288.895.txt
LiLim,600,lrc1_6_2,2019-01-30,43,16515.4064,SB,SB,best_known_solutions/LiLim/2019-01-30/lrc1_6_2.43_16515.4064.txt
LiLim,600,lrc1_6_3,2019-11-06,36,13975.9760,SCR,SCR,best_known_solutions/LiLim/2019-11-06/lrc1_6_3.36_13975.976.txt
LiLim,600,lrc1_6_4,2019-11-06,25,10800.4446,SCR,SCR,best_known_solutions/LiLim/2019-11-06/lrc1_6_4.25_10800.4446.txt
LiLim,600,lrc1_6_5,2020-04-15,45,17569.6231,CAINIAO,CAINIAO,best_known_solutions/LiLim/2020-04-15/lrc1_6_5.45_17569.6231.txt
LiLim,600,lrc1_6_6,2020-03-13,41,19036.8299,CAINIAO,CAINIAO,best_known_solutions/LiLim/2020-03-13/lrc1_6_6.41_19036.8299.txt
LiLim,600,lrc1_6_7,2019-11-06,37,15935.0497,SCR,SCR,best_known_solutions/LiLim/2019-11-06/lrc1_6_7.37_15935.0497.txt
LiLim,600,lrc1_6_8,2019-11-06,33,15317.6290,SCR,SCR,best_known_solutions/LiLim/2019-11-06/lrc1_6_8.33_15317.629.txt
LiLim,600,lrc1_6_9,2020-05-01,33,15364.2379,CAINIAO,CAINIAO,best_known_solutions/LiLim/2020-05-01/lrc1_6_9.33_15364.2379.txt
LiLim,600,lrc1_6_10,2019-11-06,29,13963.6628,SCR,SCR,best_known_solutions/LiLim/2019-11-06/lrc1_6_10.29_13963.6628.txt
LiLim,600,lrc2_6_1,2019-11-06,16,14578.9221,SCR,SCR,best_known_solutions/LiLim/2019-11-06/lrc2_6_1.16_14578.9221.txt
LiLim,600,lrc2_6_2,2019-11-06,13,13850.2169,SCR,SCR,best_known_solutions/LiLim/2019-11-06/lrc2_6_2.13_13850.2169.txt
LiLim,600,lrc2_6_3,2019-11-06,10,12432.9089,SCR,SCR,best_known_solutions/LiLim/2019-11-06/lrc2_6_3.10_12432.9089.txt
LiLim,600,lrc2_6_4,2019-11-06,7,9833.9252,SCR,SCR,best_known_solutions/LiLim/2019-11-06/lrc2_6_4.7_9833.9252.txt
LiLim,600,lrc2_6_5,2019-01-30,13,14522.5922,SB,SB,best_known_solutions/LiLim/2019-01-30/lrc2_6_5.13_14522.5922.txt
LiLim,600,lrc2_6_6,2019-11-06,12,15007.8994,SCR,SCR,best_known_solutions/LiLim/2019-11-06/lrc2_6_6.12_15007.8994.txt
LiLim,600,lrc2_6_7,2020-01-21,10,14226.2334,SCR,SCR,best_known_solutions/LiLim/2020-01-21/lrc2_6_7.10_14226.2334.txt
LiLim,600,lrc2_6_8,2020-01-21,9,13183.6704,SCR,SCR,best_known_solutions/LiLim/2020-01-21/lrc2_6_8.9_13183.6704.txt
LiLim,600,lrc2_6_9,2019-11-06,8,16668.1358,SCR,SCR,best_known_solutions/LiLim/2019-11-06/lrc2_6_9.8_16668.1358.txt
LiLim,600,lrc2_6_10,2019-11-06,7,13054.5015,SCR,SCR,best_known_solutions/LiLim/2019-11-06/lrc2_6_10.7_13054.5015.txt
LiLim,800,lc1_8_1,2003-06-16,80,25184.3826,SAM::OPT,SAM::OPT,best_known_solutions/LiLim/2003-06-16/lc1_8_1.80_25184.3826.txt
LiLim,800,lc1_8_2,2020-03-13,76,30603.5683,CAINIAO,CAINIAO,best_known_solutions/LiLim/2020-03-13/lc1_8_2.76_30603.5683.txt
LiLim,800,lc1_8_3,2019-11-06,63,26430.3852,SCR,SCR,best_known_solutions/LiLim/2019-11-06/lc1_8_3.63_26430.3852.txt
LiLim,800,lc1_8_4,2020-01-21,59,22686.0848,SCR,SCR,best_known_solutions/LiLim/2020-01-21/lc1_8_4.59_22686.0848.txt
LiLim,800,lc1_8_5,2003-07-12,80,25211.2241,SAM::OPT,SAM::OPT,best_known_solutions/LiLim/2003-07-12/lc1_8_5.80_25211.2241.txt
LiLim,800,lc1_8_6,2003-07-12,80,25164.2534,SAM::OPT,SAM::OPT,best_known_solutions/LiLim/2003-07-12/lc1_8_6.80_25164.2534.txt
LiLim,800,lc1_8_7,2003-07-13,80,25158.3790,SAM::OPT,SAM::OPT,best_known_solutions/LiLim/2003-07-13/lc1_8_7.80_25158.379.txt
LiLim,800,lc1_8_8,2020-03-31,77,27333.3463,SCR,SCR,best_known_solutions/LiLim/2020-03-31/lc1_8_8.77_27333.3463.txt
LiLim,800,lc1_8_9,2019-11-06,72,25798.2025,SCR,SCR,best_known_solutions/LiLim/2019-11-06/lc1_8_9.72_25798.2025.txt
LiLim,800,lc1_8_10,2019-11-06,69,26007.1756,SCR,SCR,best_known_solutions/LiLim/2019-11-06/lc1_8_10.69_26007.1756.txt
LiLim,800,lc2_8_1,2003-05-19,24,11687.0563,SAM::OPT,SAM::OPT,best_known_solutions/LiLim/2003-05-19/lc2_8_1.24_11687.0563.txt
LiLim,800,lc2_8_2,2019-01-30,24,13713.1334,SB,SB,best_known_solutions/LiLim/2019-01-30/lc2_8_2.24_13713.1334.txt
LiLim,800,lc2_8_3,2019-11-06,24,12981.3694,SCR,SCR,best_known_solutions/LiLim/2019-11-06/lc2_8_3.24_12981.3694.txt
LiLim,800,lc2_8_4,2020-01-21,23,12932.8789,SCR,SCR,best_known_solutions/LiLim/2020-01-21/lc2_8_4.23_12932.8789.txt
LiLim,800,lc2_8_5,2016-05-09,25,12298.3297,EOE,EOE,best_known_solutions/LiLim/2016-05-09/lc2_8_5.25_12298.3297.txt
LiLim,800,lc2_8_6,2019-01-30,24,12645.7083,SB,SB,best_known_solutions/LiLim/2019-01-30/lc2_8_6.24_12645.7083.txt
LiLim,800,lc2_8_7,2019-11-06,24,14106.0468,SCR,SCR,best_known_solutions/LiLim/2019-11-06/lc2_8_7.24_14106.0468.txt
LiLim,800,lc2_8_8,2015-12-22,24,11454.3305,CLS,CLS,best_known_solutions/LiLim/2015-12-22/lc2_8_8.24_11454.3305.txt
LiLim,800,lc2_8_9,2015-11-29,24,11629.4102,CLS,CLS,best_known_solutions/LiLim/2015-11-29/lc2_8_9.24_11629.4102.txt
LiLim,800,lc2_8_10,2019-11-06,23,12226.4219,SCR,SCR,best_known_solutions/LiLim/2019-11-06/lc2_8_10.23_12226.4219.txt
LiLim,800,lr1_8_1,2018-04-06,80,39291.3198,CVB,CVB,best_known_solutions/LiLim/2018-04-06/lr1_8_1.80_39291.3198.txt
LiLim,800,lr1_8_2,2019-11-06,59,34074.4858,SCR,SCR,best_known_solutions/LiLim/2019-11-06/lr1_8_2.59_34074.4858.txt
LiLim,800,lr1_8_3,2019-11-06,44,29230.3153,SCR,SCR,best_known_solutions/LiLim/2019-11-06/lr1_8_3.44_29230.3153.txt
LiLim,800,lr1_8_4,2020-03-31,25,20703.9116,SCR,SCR,best_known_solutions/LiLim/2020-03-31/lr1_8_4.25_20703.9116.txt
LiLim,800,lr1_8_5,2020-03-31,48,40121.6813,SCR,SCR,best_known_solutions/LiLim/2020-03-31/lr1_8_5.48_40121.6813.txt
LiLim,800,lr1_8_6,2020-03-13,38,38767.2916,CAINIAO,CAINIAO,best_known_solutions/LiLim/2020-03-13/lr1_8_6.38_38767.2916.txt
LiLim,800,lr1_8_7,2019-11-06,30,27433.7949,SCR,SCR,best_known_solutions/LiLim/2019-11-06/lr1_8_7.30_27433.7949.txt
LiLim,800,lr1_8_8,2019-11-06,19,21036.2656,SCR,SCR,best_known_solutions/LiLim/2019-11-06/lr1_8_8.19_21036.2656.txt
LiLim,800,lr1_8_9,2020-01-21,40,36783.8762,SCR,SCR,best_known_solutions/LiLim/2020-01-21/lr1_8_9.40_36783.8762.txt
LiLim,800,lr1_8_10,2020-01-21,31,29525.5710,SCR,SCR,best_known_solutions/LiLim/2020-01-21/lr1_8_10.31_29525.571.txt
LiLim,800,lr2_8_1,2019-01-30,14,42122.8420,SB,SB,best_known_solutions/LiLim/2019-01-30/lr2_8_1.14_42122.842.txt
LiLim,800,lr2_8_2,2019-11-06,11,36646.3328,SCR,SCR,best_known_solutions/LiLim/2019-11-06/lr2_8_2.11_36646.3328.txt
LiLim,800,lr2_8_3,2020-04-21,9,26502.7338,CAINIAO,CAINIAO,best_known_solutions/LiLim/2020-04-21/lr2_8_3.9_26502.7338.txt
LiLim,800,lr2_8_4,2019-11-06,6,21114.7177,SCR,SCR,best_known_solutions/LiLim/2019-11-06/lr2_8_4.6_21114.7177.txt
LiLim,800,lr2_8_5,2020-01-21,11,35011.9763,SCR,SCR,best_known_solutions/LiLim/2020-01-21/lr2_8_5.11_35011.9763.txt
LiLim,800,lr2_8_6,2020-01-21,9,29028.7609,SCR,SCR,best_known_solutions/LiLim/2020-01-21/lr2_8_6.9_29028.7609.txt
LiLim,800,lr2_8_7,2020-01-21,7,26095.3261,SCR,SCR,best_known_solutions/LiLim/2020-01-21/lr2_8_7.7_26095.3261.txt
LiLim,800,lr2_8_8,2020-01-21,5,18417.8034,SCR,SCR,best_known_solutions/LiLim/2020-01-21/lr2_8_8.5_18417.8034.txt
LiLim,800,lr2_8_9,2019-11-06,10,30515.4950,SCR,SCR,best_known_solutions/LiLim/2019-11-06/lr2_8_9.10_30515.495.txt
LiLim,800,lr2_8_10,2020-01-21,8,30152.0445,SCR,SCR,best_known_solutions/LiLim/2020-01-21/lr2_8_10.8_30152.0445.txt
LiLim,800,lrc1_8_1,2019-01-17,66,32252.2783,CVB2,CVB2,best_known_solutions/LiLim/2019-01-17/lrc1_8_1.66_32252.2783.txt
LiLim,800,lrc1_8_2,2020-03-13,56,27878.8912,CAINIAO,CAINIAO,best_known_solutions/LiLim/2020-03-13/lrc1_8_2.56_27878.8912.txt
LiLim,800,lrc1_8_3,2019-01-30,48,24371.9460,SB,SB,best_known_solutions/LiLim/2019-01-30/lrc1_8_3.48_24371.946.txt
LiLim,800,lrc1_8_4,2019-01-30,34,18208.9464,SB,SB,best_known_solutions/LiLim/2019-01-30/lrc1_8_4.34_18208.9464.txt
LiLim,800,lrc1_8_5,2019-11-06,58,31169.1609,SCR,SCR,best_known_solutions/LiLim/2019-11-06/lrc1_8_5.58_31169.1609.txt
LiLim,800,lrc1_8_6,2020-04-08,54,28986.0290,CAINIAO,CAINIAO,best_known_solutions/LiLim/2020-04-08/lrc1_8_6.54_28986.029.txt
LiLim,800,lrc1_8_7,2020-03-13,50,29125.3863,CAINIAO,CAINIAO,best_known_solutions/LiLim/2020-03-13/lrc1_8_7.50_29125.3863.txt
LiLim,800,lrc1_8_8,2020-01-21,44,26902.9309,SCR,SCR,best_known_solutions/LiLim/2020-01-21/lrc1_8_8.44_26902.9309.txt
LiLim,800,lrc1_8_9,2019-11-06,44,24862.0176,SCR,SCR,best_known_solutions/LiLim/2019-11-06/lrc1_8_9.44_24862.0176.txt
LiLim,800,lrc1_8_10,2020-03-31,40,23620.8660,SCR,SCR,best_known_solutions/LiLim/2020-03-31/lrc1_8_10.40_23620.866.txt
LiLim,800,lrc2_8_1,2019-01-17,20,23074.2155,CVB2,CVB2,best_known_solutions/LiLim/2019-01-17/lrc2_8_1.20_23074.2155.txt
LiLim,800,lrc2_8_2,2019-11-06,17,22220.9497,SCR,SCR,best_known_solutions/LiLim/2019-11-06/lrc2_8_2.17_22220.9497.txt
LiLim,800,lrc2_8_3,2019-11-06,14,20379.2584,SCR,SCR,best_known_solutions/LiLim/2019-11-06/lrc2_8_3.14_20379.2584.txt
LiLim,800,lrc2_8_4,2019-11-28,11,14727.8082,SCR,SCR,best_known_solutions/LiLim/2019-11-28/lrc2_8_4.11_14727.8082.txt
LiLim,800,lrc2_8_5,2020-04-08,16,23602.4356,CAINIAO,CAINIAO,best_known_solutions/LiLim/2020-04-08/lrc2_8_5.16_23602.4356.txt
LiLim,800,lrc2_8_6,2019-11-06,15,22591.2594,SCR,SCR,best_known_solutions/LiLim/2019-11-06/lrc2_8_6.15_22591.2594.txt
LiLim,800,lrc2_8_7,2020-04-08,13,26865.6442,CAINIAO,CAINIAO,best_known_solutions/LiLim/2020-04-08/lrc2_8_7.13_26865.6442.txt
LiLim,800,lrc2_8_8,2020-04-08,11,23854.1399,CAINIAO,CAINIAO,best_known_solutions/LiLim/2020-04-08/lrc2_8_8.11_23854.1399.txt
LiLim,800,lrc2_8_9,2020-04-08,10,23349.7719,CAINIAO,CAINIAO,best_known_solutions/LiLim/2020-04-08/lrc2_8_9.10_23349.7719.txt
LiLim,800,lrc2_8_10,2020-01-21,9,19753.3640,SCR,SCR,best_known_solutions/LiLim/2020-01-21/lrc2_8_10.9_19753.364.txt
LiLim,1000,lc1_10_1,2003-04-23,100,42488.6570,SAM::OPT,SAM::OPT,best_known_solutions/LiLim/2003-04-23/lc1_10_1.100_42488.657.txt
LiLim,1000,lc1_10_2,2019-01-30,94,44548.5117,SB,SB,best_known_solutions/LiLim/2019-01-30/lc1_10_2.94_44548.5117.txt
LiLim,1000,lc1_10_3,2020-04-21,79,44692.8558,CAINIAO,CAINIAO,best_known_solutions/LiLim/2020-04-21/lc1_10_3.79_44692.8558.txt
LiLim,1000,lc1_10_4,2020-01-21,73,37515.0365,SCR,SCR,best_known_solutions/LiLim/2020-01-21/lc1_10_4.73_37515.0365.txt
LiLim,1000,lc1_10_5,2003-08-10,100,42477.4137,SAM::OPT,SAM::OPT,best_known_solutions/LiLim/2003-08-10/lc1_10_5.100_42477.4137.txt
LiLim,1000,lc1_10_6,2003-08-11,101,42838.3948,SAM::OPT,SAM::OPT,best_known_solutions/LiLim/2003-08-11/lc1_10_6.101_42838.3948.txt
LiLim,1000,lc1_10_7,2003-01-01,100,42854.9853,TS,SAM::OPT,best_known_solutions/LiLim/2003-01-01/lc1_10_7.100_42854.9853.txt
LiLim,1000,lc1_10_8,2018-03-31,98,42949.5645,Shobb,Shobb,best_known_solutions/LiLim/2018-03-31/lc1_10_8.98_42949.5645.txt
LiLim,1000,lc1_10_9,2019-11-06,91,42504.0533,SCR,SCR,best_known_solutions/LiLim/2019-11-06/lc1_10_9.91_42504.0533.txt
LiLim,1000,lc1_10_10,2019-06-01,87,42008.6545,SCR,SCR,best_known_solutions/LiLim/2019-06-01/lc1_10_10.87_42008.6545.txt
LiLim,1000,lc2_10_1,2003-01-01,30,16879.2419,TS,SAM::OPT,best_known_solutions/LiLim/2003-01-01/lc2_10_1.30_16879.2419.txt
LiLim,1000,lc2_10_2,2019-11-06,30,20901.5574,SCR,SCR,best_known_solutions/LiLim/2019-11-06/lc2_10_2.30_20901.5574.txt
LiLim,1000,lc2_10_3,2020-03-04,29,19325.0449,SCR,SCR,best_known_solutions/LiLim/2020-03-04/lc2_10_3.29_19325.0449.txt
LiLim,1000,lc2_10_4,2019-11-06,29,17886.9744,SCR,SCR,best_known_solutions/LiLim/2019-11-06/lc2_10_4.29_17886.9744.txt
LiLim,1000,lc2_10_5,2005-02-25,31,17137.5280,RP2,K,best_known_solutions/LiLim/2005-02-25/lc2_10_5.31_17137.528.txt
LiLim,1000,lc2_10_6,2019-01-30,31,17194.0800,SB,SB,best_known_solutions/LiLim/2019-01-30/lc2_10_6.31_17194.08.txt
LiLim,1000,lc2_10_7,2019-11-06,31,18389.3693,SCR,SCR,best_known_solutions/LiLim/2019-11-06/lc2_10_7.31_18389.3693.txt
LiLim,1000,lc2_10_8,2019-01-30,30,17015.0291,SB,SB,best_known_solutions/LiLim/2019-01-30/lc2_10_8.30_17015.0291.txt
LiLim,1000,lc2_10_9,2019-11-06,30,18225.3026,SCR,SCR,best_known_solutions/LiLim/2019-11-06/lc2_10_9.30_18225.3026.txt
LiLim,1000,lc2_10_10,2019-11-06,29,17043.6421,SCR,SCR,best_known_solutions/LiLim/2019-11-06/lc2_10_10.29_17043.6421.txt
LiLim,1000,lr1_10_1,2018-08-22,100,56744.9118,EMIF,EMIF,best_known_solutions/LiLim/2018-08-22/lr1_10_1.100_56744.9118.txt
LiLim,1000,lr1_10_2,2019-11-06,80,49349.8412,SCR,SCR,best_known_solutions/LiLim/2019-11-06/lr1_10_2.80_49349.8412.txt
LiLim,1000,lr1_10_3,2019-11-06,54,41609.4142,SCR,SCR,best_known_solutions/LiLim/2019-11-06/lr1_10_3.54_41609.4142.txt
LiLim,1000,lr1_10_4,2020-01-21,27,30925.0367,SCR,SCR,best_known_solutions/LiLim/2020-01-21/lr1_10_4.27_30925.0367.txt
LiLim,1000,lr1_10_5,2019-11-28,58,59894.4423,WM,WM,best_known_solutions/LiLim/2019-11-28/lr1_10_5.58_59894.4423.txt
LiLim,1000,lr1_10_6,2019-11-06,47,49286.1457,SCR,SCR,best_known_solutions/LiLim/2019-11-06/lr1_10_6.47_49286.1457.txt
LiLim,1000,lr1_10_7,2020-03-04,35,38900.0579,SCR,SCR,best_known_solutions/LiLim/2020-03-04/lr1_10_7.35_38900.0579.txt
LiLim,1000,lr1_10_8,2020-03-24,24,30101.6659,CAINIAO,CAINIAO,best_known_solutions/LiLim/2020-03-24/lr1_10_8.24_30101.6659.txt
LiLim,1000,lr1_10_9,2020-03-24,48,52123.2586,CAINIAO,CAINIAO,best_known_solutions/LiLim/2020-03-24/lr1_10_9.48_52123.2586.txt
LiLim,1000,lr1_10_10,2019-11-06,38,45956.6689,SCR,SCR,best_known_solutions/LiLim/2019-11-06/lr1_10_10.38_45956.6689.txt
LiLim,1000,lr2_10_1,2019-11-28,17,63318.2136,WM,WM,best_known_solutions/LiLim/2019-11-28/lr2_10_1.17_63318.2136.txt
LiLim,1000,lr2_10_2,2020-01-21,14,51763.3164,SCR,SCR,best_known_solutions/LiLim/2020-01-21/lr2_10_2.14_51763.3164.txt
LiLim,1000,lr2_10_3,2020-03-31,10,42954.9871,CAINIAO,CAINIAO,best_known_solutions/LiLim/2020-03-31/lr2_10_3.10_42954.9871.txt
LiLim,1000,lr2_10_4,2020-01-21,8,26626.5546,SCR,SCR,best_known_solutions/LiLim/2020-01-21/lr2_10_4.8_26626.5546.txt
LiLim,1000,lr2_10_5,2019-11-06,13,55598.2480,SCR,SCR,best_known_solutions/LiLim/2019-11-06/lr2_10_5.13_55598.248.txt
LiLim,1000,lr2_10_6,2020-01-21,11,46270.8735,SCR,SCR,best_known_solutions/LiLim/2020-01-21/lr2_10_6.11_46270.8735.txt
LiLim,1000,lr2_10_7,2020-03-31,8,43212.1401,CAINIAO,CAINIAO,best_known_solutions/LiLim/2020-03-31/lr2_10_7.8_43212.1401.txt
LiLim,1000,lr2_10_8,2020-01-21,6,26753.6115,SCR,SCR,best_known_solutions/LiLim/2020-01-21/lr2_10_8.6_26753.6115.txt
LiLim,1000,lr2_10_9,2020-01-21,12,51260.9893,SCR,SCR,best_known_solutions/LiLim/2020-01-21/lr2_10_9.12_51260.9893.txt
LiLim,1000,lr2_10_10,2019-11-06,10,46602.2657,SCR,SCR,best_known_solutions/LiLim/2019-11-06/lr2_10_10.10_46602.2657.txt
LiLim,1000,lrc1_10_1,2019-01-30,82,49111.7830,SB,SB,best_known_solutions/LiLim/2019-01-30/lrc1_10_1.82_49111.783.txt
LiLim,1000,lrc1_10_2,2020-03-24,71,45548.3021,CAINIAO,CAINIAO,best_known_solutions/LiLim/2020-03-24/lrc1_10_2.71_45548.3021.txt
LiLim,1000,lrc1_10_3,2020-03-31,53,35626.0276,SCR,SCR,best_known_solutions/LiLim/2020-03-31/lrc1_10_3.53_35626.0276.txt
LiLim,1000,lrc1_10_4,2019-11-06,40,27264.5904,SCR,SCR,best_known_solutions/LiLim/2019-11-06/lrc1_10_4.40_27264.5904.txt
LiLim,1000,lrc1_10_5,2020-03-24,72,50324.5718,CAINIAO,CAINIAO,best_known_solutions/LiLim/2020-03-24/lrc1_10_5.72_50324.5718.txt
LiLim,1000,lrc1_10_6,2019-02-23,67,45153.8265,MFS,MFS,best_known_solutions/LiLim/2019-02-23/lrc1_10_6.67_45153.8265.txt
LiLim,1000,lrc1_10_7,2020-01-21,60,41762.7683,SCR,SCR,best_known_solutions/LiLim/2020-01-21/lrc1_10_7.60_41762.7683.txt
LiLim,1000,lrc1_10_8,2020-03-04,55,41717.7507,SCR,SCR,best_known_solutions/LiLim/2020-03-04/lrc1_10_8.55_41717.7507.txt
LiLim,1000,lrc1_10_9,2020-03-04,53,39362.9344,SCR,SCR,best_known_solutions/LiLim/2020-03-04/lrc1_10_9.53_39362.9344.txt
LiLim,1000,lrc1_10_10,2020-01-21,47,36684.1409,SCR,SCR,best_known_solutions/LiLim/2020-01-21/lrc1_10_10.47_36684.1409.txt
LiLim,1000,lrc2_10_1,2019-11-06,22,34463.4648,SCR,SCR,best_known_solutions/LiLim/2019-11-06/lrc2_10_1.22_34463.4648.txt
LiLim,1000,lrc2_10_2,2019-09-19,19,39078.6575,Shobb,Shobb,best_known_solutions/LiLim/2019-09-19/lrc2_10_2.19_39078.6575.txt
LiLim,1000,lrc2_10_3,2020-03-04,16,27313.1003,SCR,SCR,best_known_solutions/LiLim/2020-03-04/lrc2_10_3.16_27313.1003.txt
LiLim,1000,lrc2_10_4,2020-01-21,11,23256.8903,SCR,SCR,best_known_solutions/LiLim/2020-01-21/lrc2_10_4.11_23256.8903.txt
LiLim,1000,lrc2_10_5,2020-03-04,16,40855.2433,SCR,SCR,best_known_solutions/LiLim/2020-03-04/lrc2_10_5.16_40855.2433.txt
LiLim,1000,lrc2_10_6,2019-11-06,17,30910.6526,SCR,SCR,best_known_solutions/LiLim/2019-11-06/lrc2_10_6.17_30910.6526.txt
LiLim,1000,lrc2_10_7,2020-01-21,15,33275.2411,SCR,SCR,best_known_solutions/LiLim/2020-01-21/lrc2_10_7.15_33275.2411.txt
LiLim,1000,lrc2_10_10,2019-11-06,11,29210.4203,SCR,SCR,best_known_solutions/LiLim/2019-11-06/lrc2_10_10.11_29210.4203.txt
GehringHomberger,200,c1_2_1,2001-01-01,20,2704.5678,SAM::OPT,SAM::OPT,best_known_solutions/GehringHomberger/2001-01-01/c1_2_1.20_2704.5678.txt
GehringHomberger,200,c1_2_2,2001-01-01,18,2917.8920,BVH,SCR,best_known_solutions/GehringHomberger/2001-01-01/c1_2_2.18_2917.892.txt
GehringHomberger,200,c1_2_3,2007-09-20,18,2707.3454,BSJ2,SCR,best_known_solutions/GehringHomberger/2007-09-20/c1_2_3.18_2707.3454.txt
GehringHomberger,200,c1_2_4,2007-09-20,18,2643.3088,BSJ2,SCR,best_known_solutions/GehringHomberger/2007-09-20/c1_2_4.18_2643.3088.txt
GehringHomberger,200,c1_2_5,2001-01-01,20,2702.0488,SAM::OPT,SAM::OPT,best_known_solutions/GehringHomberger/2001-01-01/c1_2_5.20_2702.0488.txt
GehringHomberger,200,c1_2_6,2001-01-01,20,2701.0354,SAM::OPT,SAM::OPT,best_known_solutions/GehringHomberger/2001-01-01/c1_2_6.20_2701.0354.txt
GehringHomberger,200,c1_2_7,2001-01-01,20,2701.0354,SAM::OPT,SAM::OPT,best_known_solutions/GehringHomberger/2001-01-01/c1_2_7.20_2701.0354.txt
GehringHomberger,200,c1_2_8,2012-04-05,19,2775.4781,BC4,BC4,best_known_solutions/GehringHomberger/2012-04-05/c1_2_8.19_2775.4781.txt
GehringHomberger,200,c1_2_9,2013-09-02,18,2687.8273,MB,MB,best_known_solutions/GehringHomberger/2013-09-02/c1_2_9.18_2687.8273.txt
GehringHomberger,200,c1_2_10,2016-06-22,18,2643.5534,BC4,BC4,best_known_solutions/GehringHomberger/2016-06-22/c1_2_10.18_2643.5534.txt
GehringHomberger,200,c2_2_1,2001-01-01,6,1931.4425,SAM::OPT,SAM::OPT,best_known_solutions/GehringHomberger/2001-01-01/c2_2_1.6_1931.4425.txt
GehringHomberger,200,c2_2_2,2001-01-01,6,1863.1556,SAM::OPT,SAM::OPT,best_known_solutions/GehringHomberger/2001-01-01/c2_2_2.6_1863.1556.txt
GehringHomberger,200,c2_2_3,2009-01-01,6,1775.0754,NBD,BC4,best_known_solutions/GehringHomberger/2009-01-01/c2_2_3.6_1775.0754.txt
GehringHomberger,200,c2_2_4,2007-10-17,6,1703.4288,PGDR,SCR,best_known_solutions/GehringHomberger/2007-10-17/c2_2_4.6_1703.4288.txt
GehringHomberger,200,c2_2_5,2001-01-01,6,1878.8463,BVH,SCR,best_known_solutions/GehringHomberger/2001-01-01/c2_2_5.6_1878.8463.txt
GehringHomberger,200,c2_2_6,2001-01-01,6,1857.3535,B,SAM::OPT,best_known_solutions/GehringHomberger/2001-01-01/c2_2_6.6_1857.3535.txt
GehringHomberger,200,c2_2_7,2001-01-01,6,1849.4563,SAM::OPT,SAM::OPT,best_known_solutions/GehringHomberger/2001-01-01/c2_2_7.6_1849.4563.txt
GehringHomberger,200,c2_2_8,2005-02-25,6,1820.5343,RP,SCR,best_known_solutions/GehringHomberger/2005-02-25/c2_2_8.6_1820.5343.txt
GehringHomberger,200,c2_2_9,2005-02-25,6,1830.0500,RP,SCR,best_known_solutions/GehringHomberger/2005-02-25/c2_2_9.6_1830.05.txt
GehringHomberger,200,c2_2_10,2009-01-01,6,1806.5751,NBD,BC4,best_known_solutions/GehringHomberger/2009-01-01/c2_2_10.6_1806.5751.txt
GehringHomberger,200,r1_2_1,2009-01-01,20,4784.1060,NBD,BC4,best_known_solutions/GehringHomberger/2009-01-01/r1_2_1.20_4784.106.txt
GehringHomberger,200,r1_2_2,2012-07-31,18,4040.6018,VCGP,SCR,best_known_solutions/GehringHomberger/2012-07-31/r1_2_2.18_4040.6018.txt
GehringHomberger,200,r1_2_3,2007-09-20,18,3381.9568,BSJ2,SCR,best_known_solutions/GehringHomberger/2007-09-20/r1_2_3.18_3381.9568.txt
GehringHomberger,200,r1_2_4,2009-01-01,18,3057.8108,NBD,VCGP,best_known_solutions/GehringHomberger/2009-01-01/r1_2_4.18_3057.8108.txt
GehringHomberger,200,r1_2_5,2007-10-17,18,4107.8595,PGDR,SCR,best_known_solutions/GehringHomberger/2007-10-17/r1_2_5.18_4107.8595.txt
GehringHomberger,200,r1_2_6,2007-10-17,18,3583.1397,PGDR,SCR,best_known_solutions/GehringHomberger/2007-10-17/r1_2_6.18_3583.1397.txt
GehringHomberger,200,r1_2_7,2007-09-20,18,3150.1140,BSJ2,SCR,best_known_solutions/GehringHomberger/2007-09-20/r1_2_7.18_3150.114.txt
GehringHomberger,200,r1_2_8,2009-01-01,18,2951.9901,NBD,VCGP,best_known_solutions/GehringHomberger/2009-01-01/r1_2_8.18_2951.9901.txt
GehringHomberger,200,r1_2_9,2007-10-17,18,3760.5836,PGDR,SCR,best_known_solutions/GehringHomberger/2007-10-17/r1_2_9.18_3760.5836.txt
GehringHomberger,200,r1_2_10,2007-09-20,18,3301.1792,BSJ2,SCR,best_known_solutions/GehringHomberger/2007-09-20/r1_2_10.18_3301.1792.txt
GehringHomberger,200,r2_2_1,2007-09-20,4,4483.1598,BSJ2,SCR,best_known_solutions/GehringHomberger/2007-09-20/r2_2_1.4_4483.1598.txt
GehringHomberger,200,r2_2_2,2007-09-20,4,3621.2029,BSJ2,SCR,best_known_solutions/GehringHomberger/2007-09-20/r2_2_2.4_3621.2029.txt
GehringHomberger,200,r2_2_3,2007-09-20,4,2880.6188,BSJ2,SCR,best_known_solutions/GehringHomberger/2007-09-20/r2_2_3.4_2880.6188.txt
GehringHomberger,200,r2_2_4,2016-06-22,4,1981.3048,BC4,BC4,best_known_solutions/GehringHomberger/2016-06-22/r2_2_4.4_1981.3048.txt
GehringHomberger,200,r2_2_5,2007-09-20,4,3366.7887,BSJ2,SCR,best_known_solutions/GehringHomberger/2007-09-20/r2_2_5.4_3366.7887.txt
GehringHomberger,200,r2_2_6,2007-10-17,4,2913.0326,PGDR,SCR,best_known_solutions/GehringHomberger/2007-10-17/r2_2_6.4_2913.0326.txt
GehringHomberger,200,r2_2_7,2007-09-20,4,2451.1415,BSJ2,SCR,best_known_solutions/GehringHomberger/2007-09-20/r2_2_7.4_2451.1415.txt
GehringHomberger,200,r2_2_8,2003-09-16,4,1849.8692,MB,SCR,best_known_solutions/GehringHomberger/2003-09-16/r2_2_8.4_1849.8692.txt
GehringHomberger,200,r2_2_9,2009-01-01,4,3092.0381,NBD,BC4,best_known_solutions/GehringHomberger/2009-01-01/r2_2_9.4_3092.0381.txt
GehringHomberger,200,r2_2_10,2007-09-20,4,2654.9672,BSJ2,SCR,best_known_solutions/GehringHomberger/2007-09-20/r2_2_10.4_2654.9672.txt
GehringHomberger,200,rc1_2_1,2007-10-17,18,3602.8039,PGDR,SCR,best_known_solutions/GehringHomberger/2007-10-17/rc1_2_1.18_3602.8039.txt
GehringHomberger,200,rc1_2_2,2012-04-05,18,3249.0548,BC4,BC4,best_known_solutions/GehringHomberger/2012-04-05/rc1_2_2.18_3249.0548.txt
GehringHomberger,200,rc1_2_3,2007-09-20,18,3008.3305,BSJ2,SCR,best_known_solutions/GehringHomberger/2007-09-20/rc1_2_3.18_3008.3305.txt
GehringHomberger,200,rc1_2_4,2009-01-01,18,2851.6831,NBD,VCGP,best_known_solutions/GehringHomberger/2009-01-01/rc1_2_4.18_2851.6831.txt
GehringHomberger,200,rc1_2_5,2012-04-05,18,3371.0008,BC4,BC4,best_known_solutions/GehringHomberger/2012-04-05/rc1_2_5.18_3371.0008.txt
GehringHomberger,200,rc1_2_6,2007-10-17,18,3324.8048,PGDR,SCR,best_known_solutions/GehringHomberger/2007-10-17/rc1_2_6.18_3324.8048.txt
GehringHomberger,200,rc1_2_7,2007-09-20,18,3189.3194,BSJ2,SCR,best_known_solutions/GehringHomberger/2007-09-20/rc1_2_7.18_3189.3194.txt
GehringHomberger,200,rc1_2_8,2007-10-17,18,3083.9330,PGDR,SCR,best_known_solutions/GehringHomberger/2007-10-17/rc1_2_8.18_3083.933.txt
GehringHomberger,200,rc1_2_9,2009-01-01,18,3081.1269,NBD,VCGP,best_known_solutions/GehringHomberger/2009-01-01/rc1_2_9.18_3081.1269.txt
GehringHomberger,200,rc1_2_10,2012-07-31,18,3000.2961,VCGP,VCGP,best_known_solutions/GehringHomberger/2012-07-31/rc1_2_10.18_3000.2961.txt
GehringHomberger,200,rc2_2_1,2007-09-20,6,3099.5334,BSJ2,SCR,best_known_solutions/GehringHomberger/2007-09-20/rc2_2_1.6_3099.5334.txt
GehringHomberger,200,rc2_2_2,2007-10-17,5,2825.2442,PGDR,SCR,best_known_solutions/GehringHomberger/2007-10-17/rc2_2_2.5_2825.2442.txt
GehringHomberger,200,rc2_2_3,2009-01-01,4,2601.8740,NBD,BC4,best_known_solutions/GehringHomberger/2009-01-01/rc2_2_3.4_2601.874.txt
GehringHomberger,200,rc2_2_4,2009-01-01,4,2038.5574,BC4,BC4,best_known_solutions/GehringHomberger/2009-01-01/rc2_2_4.4_2038.5574.txt
GehringHomberger,200,rc2_2_5,2007-09-20,4,2911.4619,BSJ2,SCR,best_known_solutions/GehringHomberger/2007-09-20/rc2_2_5.4_2911.4619.txt
GehringHomberger,200,rc2_2_6,2009-01-01,4,2873.1176,NBD,BC4,best_known_solutions/GehringHomberger/2009-01-01/rc2_2_6.4_2873.1176.txt
GehringHomberger,200,rc2_2_7,2007-09-20,4,2525.8260,BSJ2,SCR,best_known_solutions/GehringHomberger/2007-09-20/rc2_2_7.4_2525.826.txt
GehringHomberger,200,rc2_2_8,2012-07-31,4,2292.5347,VCGP,VCGP,best_known_solutions/GehringHomberger/2012-07-31/rc2_2_8.4_2292.5347.txt
GehringHomberger,200,rc2_2_9,2007-09-20,4,2175.0432,BSJ2,SCR,best_known_solutions/GehringHomberger/2007-09-20/rc2_2_9.4_2175.0432.txt
GehringHomberger,200,rc2_2_10,2016-06-22,4,2015.6123,BC4,BC4,best_known_solutions/GehringHomberger/2016-06-22/rc2_2_10.4_2015.6123.txt
GehringHomberger,400,c1_4_1,2016-06-22,40,7152.0566,BC4,BC4,best_known_solutions/GehringHomberger/2016-06-22/c1_4_1.40_7152.0566.txt
GehringHomberger,400,c1_4_2,2012-07-31,36,7686.3789,VCGP,VCGP,best_known_solutions/GehringHomberger/2012-07-31/c1_4_2.36_7686.3789.txt
GehringHomberger,400,c1_4_3,2012-07-31,36,7060.6663,VCGP,VCGP,best_known_solutions/GehringHomberger/2012-07-31/c1_4_3.36_7060.6663.txt
GehringHomberger,400,c1_4_4,2012-07-31,36,6803.2445,VCGP,VCGP,best_known_solutions/GehringHomberger/2012-07-31/c1_4_4.36_6803.2445.txt
GehringHomberger,400,c1_4_5,2016-06-22,40,7152.0566,BC4,BC4,best_known_solutions/GehringHomberger/2016-06-22/c1_4_5.40_7152.0566.txt
GehringHomberger,400,c1_4_6,2001-01-01,40,7153.4548,BVH,BC4,best_known_solutions/GehringHomberger/2001-01-01/c1_4_6.40_7153.4548.txt
GehringHomberger,400,c1_4_7,2007-10-17,39,7417.9165,PGDR,SCR,best_known_solutions/GehringHomberger/2007-10-17/c1_4_7.39_7417.9165.txt
GehringHomberger,400,c1_4_8,2012-04-05,37,7347.2323,BC4,BC4,best_known_solutions/GehringHomberger/2012-04-05/c1_4_8.37_7347.2323.txt
GehringHomberger,400,c1_4_9,2015-10-19,36,7042.5295,Q,Q,best_known_solutions/GehringHomberger/2015-10-19/c1_4_9.36_7042.5295.txt
GehringHomberger,400,c1_4_10,2007-09-20,36,6860.6300,BSJ2,SCR,best_known_solutions/GehringHomberger/2007-09-20/c1_4_10.36_6860.63.txt
GehringHomberger,400,c2_4_1,2016-06-22,12,4116.1389,BC4,BC4,best_known_solutions/GehringHomberger/2016-06-22/c2_4_1.12_4116.1389.txt
GehringHomberger,400,c2_4_2,2016-06-22,12,3930.0478,BC4,BC4,best_known_solutions/GehringHomberger/2016-06-22/c2_4_2.12_3930.0478.txt
GehringHomberger,400,c2_4_3,2012-07-31,11,4018.0215,VCGP,VCGP,best_known_solutions/GehringHomberger/2012-07-31/c2_4_3.11_4018.0215.txt
GehringHomberger,400,c2_4_4,2012-07-31,11,3702.4927,VCGP,VCGP,best_known_solutions/GehringHomberger/2012-07-31/c2_4_4.11_3702.4927.txt
GehringHomberger,400,c2_4_5,2007-09-20,12,3938.6918,BSJ2,SCR,best_known_solutions/GehringHomberger/2007-09-20/c2_4_5.12_3938.6918.txt
GehringHomberger,400,c2_4_6,2003-09-16,12,3875.9387,MB,SCR,best_known_solutions/GehringHomberger/2003-09-16/c2_4_6.12_3875.9387.txt
GehringHomberger,400,c2_4_7,2016-06-22,12,3894.1579,BC4,BC4,best_known_solutions/GehringHomberger/2016-06-22/c2_4_7.12_3894.1579.txt
GehringHomberger,400,c2_4_8,2019-05-01,11,4233.2019,CAINIAO,CAINIAO,best_known_solutions/GehringHomberger/2019-05-01/c2_4_8.11_4233.2019.txt
GehringHomberger,400,c2_4_9,2016-07-22,12,3865.6462,BC4,BC4,best_known_solutions/GehringHomberger/2016-07-22/c2_4_9.12_3865.6462.txt
GehringHomberger,400,c2_4_10,2018-09-08,11,3825.6735,SCR,SCR,best_known_solutions/GehringHomberger/2018-09-08/c2_4_10.11_3825.6735.txt
GehringHomberger,400,r1_4_1,2009-01-01,40,10372.3124,NBD,BC4,best_known_solutions/GehringHomberger/2009-01-01/r1_4_1.40_10372.3124.txt
GehringHomberger,400,r1_4_2,2018-11-01,36,8898.1482,CAINIAO & SCR,CAINIAO & SCR,best_known_solutions/GehringHomberger/2018-11-01/r1_4_2.36_8898.1482.txt
GehringHomberger,400,r1_4_3,2018-02-08,36,7808.3404,Q,Q,best_known_solutions/GehringHomberger/2018-02-08/r1_4_3.36_7808.3404.txt
GehringHomberger,400,r1_4_4,2012-07-31,36,7282.7849,VCGP,VCGP,best_known_solutions/GehringHomberger/2012-07-31/r1_4_4.36_7282.7849.txt
GehringHomberger,400,r1_4_5,2018-03-06,36,9222.9978,SCR,SCR,best_known_solutions/GehringHomberger/2018-03-06/r1_4_5.36_9222.9978.txt
GehringHomberger,400,r1_4_6,2017-12-04,36,8358.6859,Q,Q,best_known_solutions/GehringHomberger/2017-12-04/r1_4_6.36_8358.6859.txt
GehringHomberger,400,r1_4_7,2017-12-04,36,7616.1532,Q,Q,best_known_solutions/GehringHomberger/2017-12-04/r1_4_7.36_7616.1532.txt
GehringHomberger,400,r1_4_8,2017-09-07,36,7257.2836,Q,Q,best_known_solutions/GehringHomberger/2017-09-07/r1_4_8.36_7257.2836.txt
GehringHomberger,400,r1_4_9,2018-11-01,36,8694.7805,SCR,SCR,best_known_solutions/GehringHomberger/2018-11-01/r1_4_9.36_8694.7805.txt
GehringHomberger,400,r1_4_10,2016-12-09,36,8094.1009,Q,Q,best_known_solutions/GehringHomberger/2016-12-09/r1_4_10.36_8094.1009.txt
GehringHomberger,400,r2_4_1,2009-01-01,8,9210.1524,NBD,BC4,best_known_solutions/GehringHomberger/2009-01-01/r2_4_1.8_9210.1524.txt
GehringHomberger,400,r2_4_2,2007-09-20,8,7606.7461,BSJ2,SCR,best_known_solutions/GehringHomberger/2007-09-20/r2_4_2.8_7606.7461.txt
GehringHomberger,400,r2_4_3,2012-07-31,8,5911.0702,VCGP,VCGP,best_known_solutions/GehringHomberger/2012-07-31/r2_4_3.8_5911.0702.txt
GehringHomberger,400,r2_4_4,2009-01-01,8,4241.4680,NBD,BC4,best_known_solutions/GehringHomberger/2009-01-01/r2_4_4.8_4241.468.txt
GehringHomberger,400,r2_4_5,2018-11-01,8,7127.8344,CAINIAO & SCR,CAINIAO & SCR,best_known_solutions/GehringHomberger/2018-11-01/r2_4_5.8_7127.8344.txt
GehringHomberger,400,r2_4_6,2012-04-05,8,6122.5954,BC4,BC4,best_known_solutions/GehringHomberger/2012-04-05/r2_4_6.8_6122.5954.txt
GehringHomberger,400,r2_4_7,2012-04-05,8,5018.5317,BC4,BC4,best_known_solutions/GehringHomberger/2012-04-05/r2_4_7.8_5018.5317.txt
GehringHomberger,400,r2_4_8,2009-01-01,8,4015.5979,NBD,SCR,best_known_solutions/GehringHomberger/2009-01-01/r2_4_8.8_4015.5979.txt
GehringHomberger,400,r2_4_9,2012-04-05,8,6400.0954,BC4,BC4,best_known_solutions/GehringHomberger/2012-04-05/r2_4_9.8_6400.0954.txt
GehringHomberger,400,r2_4_10,2018-04-24,8,5779.0301,SCR,SCR,best_known_solutions/GehringHomberger/2018-04-24/r2_4_10.8_5779.0301.txt
GehringHomberger,400,rc1_4_1,2018-11-01,36,8572.3602,SCR,SCR,best_known_solutions/GehringHomberger/2018-11-01/rc1_4_1.36_8572.3602.txt
GehringHomberger,400,rc1_4_2,2016-12-01,36,7892.5242,EOE,EOE,best_known_solutions/GehringHomberger/2016-12-01/rc1_4_2.36_7892.5242.txt
GehringHomberger,400,rc1_4_3,2017-10-03,36,7533.0537,Q,Q,best_known_solutions/GehringHomberger/2017-10-03/rc1_4_3.36_7533.0537.txt
GehringHomberger,400,rc1_4_4,2016-06-22,36,7308.5549,Q,Q,best_known_solutions/GehringHomberger/2016-06-22/rc1_4_4.36_7308.5549.txt
GehringHomberger,400,rc1_4_5,2017-10-17,36,8172.6430,Q,Q,best_known_solutions/GehringHomberger/2017-10-17/rc1_4_5.36_8172.643.txt
GehringHomberger,400,rc1_4_6,2016-12-01,36,8164.9778,EOE,EOE,best_known_solutions/GehringHomberger/2016-12-01/rc1_4_6.36_8164.9778.txt
GehringHomberger,400,rc1_4_7,2016-12-01,36,7948.5102,EOE,EOE,best_known_solutions/GehringHomberger/2016-12-01/rc1_4_7.36_7948.5102.txt
GehringHomberger,400,rc1_4_8,2018-07-13,36,7772.5681,SCR,SCR,best_known_solutions/GehringHomberger/2018-07-13/rc1_4_8.36_7772.5681.txt
GehringHomberger,400,rc1_4_9,2018-11-01,36,7733.3542,CAINIAO,CAINIAO,best_known_solutions/GehringHomberger/2018-11-01/rc1_4_9.36_7733.3542.txt
GehringHomberger,400,rc1_4_10,2016-12-01,36,7596.0439,EOE,EOE,best_known_solutions/GehringHomberger/2016-12-01/rc1_4_10.36_7596.0439.txt
GehringHomberger,400,rc2_4_1,2009-01-01,11,6682.3749,NBD,BC4,best_known_solutions/GehringHomberger/2009-01-01/rc2_4_1.11_6682.3749.txt
GehringHomberger,400,rc2_4_2,2012-04-05,9,6180.6234,BC4,BC4,best_known_solutions/GehringHomberger/2012-04-05/rc2_4_2.9_6180.6234.txt
GehringHomberger,400,rc2_4_3,2009-01-01,8,4930.8368,NBD,BC4,best_known_solutions/GehringHomberger/2009-01-01/rc2_4_3.8_4930.8368.txt
GehringHomberger,400,rc2_4_4,2009-01-01,8,3631.0055,NBD,VCGP,best_known_solutions/GehringHomberger/2009-01-01/rc2_4_4.8_3631.0055.txt
GehringHomberger,400,rc2_4_5,2012-04-05,8,6710.1169,BC4,BC4,best_known_solutions/GehringHomberger/2012-04-05/rc2_4_5.8_6710.1169.txt
GehringHomberger,400,rc2_4_6,2009-01-01,8,5766.6117,NBD,BC4,best_known_solutions/GehringHomberger/2009-01-01/rc2_4_6.8_5766.6117.txt
GehringHomberger,400,rc2_4_7,2017-09-25,8,5334.7155,Q,Q,best_known_solutions/GehringHomberger/2017-09-25/rc2_4_7.8_5334.7155.txt
GehringHomberger,400,rc2_4_8,2017-11-15,8,4792.6948,Q,Q,best_known_solutions/GehringHomberger/2017-11-15/rc2_4_8.8_4792.6948.txt
GehringHomberger,400,rc2_4_9,2017-11-15,8,4551.1110,Q,Q,best_known_solutions/GehringHomberger/2017-11-15/rc2_4_9.8_4551.111.txt
GehringHomberger,400,rc2_4_10,2012-07-31,8,4278.6052,VCGP,VCGP,best_known_solutions/GehringHomberger/2012-07-31/rc2_4_10.8_4278.6052.txt
GehringHomberger,600,c1_6_1,2001-01-01,60,14095.6438,GH,Q,best_known_solutions/GehringHomberger/2001-01-01/c1_6_1.60_14095.6438.txt
GehringHomberger,600,c1_6_2,2007-10-17,56,14163.3075,PGDR,Q,best_known_solutions/GehringHomberger/2007-10-17/c1_6_2.56_14163.3075.txt
GehringHomberger,600,c1_6_3,2012-04-05,56,13777.8120,BC4,BC4,best_known_solutions/GehringHomberger/2012-04-05/c1_6_3.56_13777.812.txt
GehringHomberger,600,c1_6_4,2013-09-30,56,13558.5371,Q,Q,best_known_solutions/GehringHomberger/2013-09-30/c1_6_4.56_13558.5371.txt
GehringHomberger,600,c1_6_5,2001-01-01,60,14085.7202,BVH,VCGP,best_known_solutions/GehringHomberger/2001-01-01/c1_6_5.60_14085.7202.txt
GehringHomberger,600,c1_6_6,2019-05-01,59,15832.6825,SCR,SCR,best_known_solutions/GehringHomberger/2019-05-01/c1_6_6.59_15832.6825.txt
GehringHomberger,600,c1_6_7,2018-11-01,57,15742.7843,SCR,SCR,best_known_solutions/GehringHomberger/2018-11-01/c1_6_7.57_15742.7843.txt
GehringHomberger,600,c1_6_8,2017-07-07,56,14389.8237,Q,Q,best_known_solutions/GehringHomberger/2017-07-07/c1_6_8.56_14389.8237.txt
GehringHomberger,600,c1_6_9,2012-07-31,56,13693.4219,VCGP,VCGP,best_known_solutions/GehringHomberger/2012-07-31/c1_6_9.56_13693.4219.txt
GehringHomberger,600,c1_6_10,2009-01-01,56,13637.3357,NBD,VCGP,best_known_solutions/GehringHomberger/2009-01-01/c1_6_10.56_13637.3357.txt
GehringHomberger,600,c2_6_1,2016-06-22,18,7774.1558,BC4,BC4,best_known_solutions/GehringHomberger/2016-06-22/c2_6_1.18_7774.1558.txt
GehringHomberger,600,c2_6_2,2018-12-01,17,8258.1965,CAINIAO & SCR,CAINIAO & SCR,best_known_solutions/GehringHomberger/2018-12-01/c2_6_2.17_8258.1965.txt
GehringHomberger,600,c2_6_3,2018-12-01,17,7506.6200,SCR,SCR,best_known_solutions/GehringHomberger/2018-12-01/c2_6_3.17_7506.62.txt
GehringHomberger,600,c2_6_4,2015-03-18,17,6909.5781,Q,Q,best_known_solutions/GehringHomberger/2015-03-18/c2_6_4.17_6909.5781.txt
GehringHomberger,600,c2_6_5,2007-09-20,18,7575.1966,BSJ2,SCR,best_known_solutions/GehringHomberger/2007-09-20/c2_6_5.18_7575.1966.txt
GehringHomberger,600,c2_6_6,2016-06-22,18,7471.1704,BC4,BC4,best_known_solutions/GehringHomberger/2016-06-22/c2_6_6.18_7471.1704.txt
GehringHomberger,600,c2_6_7,2012-04-05,18,7512.0664,BC4,BC4,best_known_solutions/GehringHomberger/2012-04-05/c2_6_7.18_7512.0664.txt
GehringHomberger,600,c2_6_8,2016-07-08,17,7539.7349,Q,Q,best_known_solutions/GehringHomberger/2016-07-08/c2_6_8.17_7539.7349.txt
GehringHomberger,600,c2_6_9,2018-10-01,17,7911.6091,CAINIAO,CAINIAO,best_known_solutions/GehringHomberger/2018-10-01/c2_6_9.17_7911.6091.txt
GehringHomberger,600,c2_6_10,2012-07-31,17,7255.6908,VCGP,VCGP,best_known_solutions/GehringHomberger/2012-07-31/c2_6_10.17_7255.6908.txt
GehringHomberger,600,r1_6_1,2019-05-01,59,21394.9478,CAINIAO & SCR,CAINIAO & SCR,best_known_solutions/GehringHomberger/2019-05-01/r1_6_1.59_21394.9478.txt
GehringHomberger,600,r1_6_2,2019-06-01,54,18605.3238,SCR,SCR,best_known_solutions/GehringHomberger/2019-06-01/r1_6_2.54_18605.3238.txt
GehringHomberger,600,r1_6_3,2019-06-01,54,16908.8659,SCR,SCR,best_known_solutions/GehringHomberger/2019-06-01/r1_6_3.54_16908.8659.txt
GehringHomberger,600,r1_6_4,2019-06-08,54,15749.7438,SCR,SCR,best_known_solutions/GehringHomberger/2019-06-08/r1_6_4.54_15749.7438.txt
GehringHomberger,600,r1_6_5,2019-05-01,54,19385.6448,SCR,SCR,best_known_solutions/GehringHomberger/2019-05-01/r1_6_5.54_19385.6448.txt
GehringHomberger,600,r1_6_6,2019-06-08,54,17801.2978,SCR,SCR,best_known_solutions/GehringHomberger/2019-06-08/r1_6_6.54_17801.2978.txt
GehringHomberger,600,r1_6_7,2019-08-29,54,16523.9329,SCR,SCR,best_known_solutions/GehringHomberger/2019-08-29/r1_6_7.54_16523.9329.txt
GehringHomberger,600,r1_6_8,2019-05-01,54,15610.0011,SCR,SCR,best_known_solutions/GehringHomberger/2019-05-01/r1_6_8.54_15610.0011.txt
GehringHomberger,600,r1_6_9,2019-06-08,54,18530.9590,SCR,SCR,best_known_solutions/GehringHomberger/2019-06-08/r1_6_9.54_18530.959.txt
GehringHomberger,600,r1_6_10,2019-05-01,54,17610.1191,SCR,SCR,best_known_solutions/GehringHomberger/2019-05-01/r1_6_10.54_17610.1191.txt
GehringHomberger,600,r2_6_1,2018-10-01,11,18205.5834,CAINIAO,CAINIAO,best_known_solutions/GehringHomberger/2018-10-01/r2_6_1.11_18205.5834.txt
GehringHomberger,600,r2_6_2,2019-01-01,11,14754.1295,CAINIAO,CAINIAO,best_known_solutions/GehringHomberger/2019-01-01/r2_6_2.11_14754.1295.txt
GehringHomberger,600,r2_6_3,2018-07-23,11,11188.6977,SCR,SCR,best_known_solutions/GehringHomberger/2018-07-23/r2_6_3.11_11188.6977.txt
GehringHomberger,600,r2_6_4,2019-03-01,11,8008.1350,CAINIAO,CAINIAO,best_known_solutions/GehringHomberger/2019-03-01/r2_6_4.11_8008.135.txt
GehringHomberger,600,r2_6_5,2018-11-01,11,15067.3418,SCR,SCR,best_known_solutions/GehringHomberger/2018-11-01/r2_6_5.11_15067.3418.txt
GehringHomberger,600,r2_6_6,2018-11-01,11,12498.2713,SCR,SCR,best_known_solutions/GehringHomberger/2018-11-01/r2_6_6.11_12498.2713.txt
GehringHomberger,600,r2_6_7,2018-09-18,11,10064.5635,SCR,SCR,best_known_solutions/GehringHomberger/2018-09-18/r2_6_7.11_10064.5635.txt
GehringHomberger,600,r2_6_8,2018-11-01,11,7571.9905,SCR,SCR,best_known_solutions/GehringHomberger/2018-11-01/r2_6_8.11_7571.9905.txt
GehringHomberger,600,r2_6_9,2009-01-01,11,13377.5592,NBD,BC4,best_known_solutions/GehringHomberger/2009-01-01/r2_6_9.11_13377.5592.txt
GehringHomberger,600,r2_6_10,2018-11-01,11,12202.2813,SCR,SCR,best_known_solutions/GehringHomberger/2018-11-01/r2_6_10.11_12202.2813.txt
GehringHomberger,600,rc1_6_1,2019-06-08,55,16982.8556,SCR,SCR,best_known_solutions/GehringHomberger/2019-06-08/rc1_6_1.55_16982.8556.txt
GehringHomberger,600,rc1_6_2,2018-11-01,55,15914.7035,CAINIAO,CAINIAO,best_known_solutions/GehringHomberger/2018-11-01/rc1_6_2.55_15914.7035.txt
GehringHomberger,600,rc1_6_3,2016-12-23,55,15204.6363,Q,Q,best_known_solutions/GehringHomberger/2016-12-23/rc1_6_3.55_15204.6363.txt
GehringHomberger,600,rc1_6_4,2018-09-08,55,14777.1897,SCR,SCR,best_known_solutions/GehringHomberger/2018-09-08/rc1_6_4.55_14777.1897.txt
GehringHomberger,600,rc1_6_5,2019-06-08,55,16561.9003,SCR,SCR,best_known_solutions/GehringHomberger/2019-06-08/rc1_6_5.55_16561.9003.txt
GehringHomberger,600,rc1_6_6,2016-12-23,55,16504.2519,Q,Q,best_known_solutions/GehringHomberger/2016-12-23/rc1_6_6.55_16504.2519.txt
GehringHomberger,600,rc1_6_7,2017-09-07,55,16077.1157,Q,Q,best_known_solutions/GehringHomberger/2017-09-07/rc1_6_7.55_16077.1157.txt
GehringHomberger,600,rc1_6_8,2016-12-23,55,15914.9093,Q,Q,best_known_solutions/GehringHomberger/2016-12-23/rc1_6_8.55_15914.9093.txt
GehringHomberger,600,rc1_6_9,2016-12-23,55,15826.2390,Q,Q,best_known_solutions/GehringHomberger/2016-12-23/rc1_6_9.55_15826.239.txt
GehringHomberger,600,rc1_6_10,2016-12-23,55,15675.9868,Q,Q,best_known_solutions/GehringHomberger/2016-12-23/rc1_6_10.55_15675.9868.txt
GehringHomberger,600,rc2_6_1,2012-04-05,14,13324.9342,BC4,BC4,best_known_solutions/GehringHomberger/2012-04-05/rc2_6_1.14_13324.9342.txt
GehringHomberger,600,rc2_6_2,2012-04-05,12,11555.5106,BC4,BC4,best_known_solutions/GehringHomberger/2012-04-05/rc2_6_2.12_11555.5106.txt
GehringHomberger,600,rc2_6_3,2018-12-01,11,9438.5203,SCR,SCR,best_known_solutions/GehringHomberger/2018-12-01/rc2_6_3.11_9438.5203.txt
GehringHomberger,600,rc2_6_4,2018-12-01,11,7057.9401,CAINIAO,CAINIAO,best_known_solutions/GehringHomberger/2018-12-01/rc2_6_4.11_7057.9401.txt
GehringHomberger,600,rc2_6_5,2018-12-01,11,12919.6400,SCR,SCR,best_known_solutions/GehringHomberger/2018-12-01/rc2_6_5.11_12919.64.txt
GehringHomberger,600,rc2_6_6,2019-01-01,11,11913.1130,CAINIAO,CAINIAO,best_known_solutions/GehringHomberger/2019-01-01/rc2_6_6.11_11913.113.txt
GehringHomberger,600,rc2_6_7,2018-11-01,11,10712.7822,SCR,SCR,best_known_solutions/GehringHomberger/2018-11-01/rc2_6_7.11_10712.7822.txt
GehringHomberger,600,rc2_6_8,2018-11-01,11,9990.4032,CAINIAO,CAINIAO,best_known_solutions/GehringHomberger/2018-11-01/rc2_6_8.11_9990.4032.txt
GehringHomberger,600,rc2_6_9,2018-09-19,11,9574.9864,CAINIAO,CAINIAO,best_known_solutions/GehringHomberger/2018-09-19/rc2_6_9.11_9574.9864.txt
GehringHomberger,600,rc2_6_10,2019-05-01,11,9058.9003,SCR,SCR,best_known_solutions/GehringHomberger/2019-05-01/rc2_6_10.11_9058.9003.txt
GehringHomberger,800,c1_8_1,2001-01-01,80,25184.3826,GH,Q,best_known_solutions/GehringHomberger/2001-01-01/c1_8_1.80_25184.3826.txt
GehringHomberger,800,c1_8_2,2019-03-01,72,26540.5292,CAINIAO,CAINIAO,best_known_solutions/GehringHomberger/2019-03-01/c1_8_2.72_26540.5292.txt
GehringHomberger,800,c1_8_3,2018-11-01,72,24242.4859,SCR,SCR,best_known_solutions/GehringHomberger/2018-11-01/c1_8_3.72_24242.4859.txt
GehringHomberger,800,c1_8_4,2014-10-28,72,23824.1658,Q,Q,best_known_solutions/GehringHomberger/2014-10-28/c1_8_4.72_23824.1658.txt
GehringHomberger,800,c1_8_5,2005-02-25,80,25166.2784,RP,Q,best_known_solutions/GehringHomberger/2005-02-25/c1_8_5.80_25166.2784.txt
GehringHomberger,800,c1_8_6,2018-12-01,79,26911.9422,SCR,SCR,best_known_solutions/GehringHomberger/2018-12-01/c1_8_6.79_26911.9422.txt
GehringHomberger,800,c1_8_7,2018-11-01,77,26480.0734,SCR,SCR,best_known_solutions/GehringHomberger/2018-11-01/c1_8_7.77_26480.0734.txt
GehringHomberger,800,c1_8_8,2019-06-08,73,26099.7370,SCR,SCR,best_known_solutions/GehringHomberger/2019-06-08/c1_8_8.73_26099.737.txt
GehringHomberger,800,c1_8_9,2017-08-14,72,24300.2069,Q,Q,best_known_solutions/GehringHomberger/2017-08-14/c1_8_9.72_24300.2069.txt
GehringHomberger,800,c1_8_10,2015-09-04,72,24070.1673,Q,Q,best_known_solutions/GehringHomberger/2015-09-04/c1_8_10.72_24070.1673.txt
GehringHomberger,800,c2_8_1,2018-11-01,24,11662.0794,SCR,SCR,best_known_solutions/GehringHomberger/2018-11-01/c2_8_1.24_11662.0794.txt
GehringHomberger,800,c2_8_2,2018-03-19,23,12285.3147,Q,Q,best_known_solutions/GehringHomberger/2018-03-19/c2_8_2.23_12285.3147.txt
GehringHomberger,800,c2_8_3,2012-07-31,23,11410.6862,VCGP,VCGP,best_known_solutions/GehringHomberger/2012-07-31/c2_8_3.23_11410.6862.txt
GehringHomberger,800,c2_8_4,2019-05-01,22,10990.8929,SCR,SCR,best_known_solutions/GehringHomberger/2019-05-01/c2_8_4.22_10990.8929.txt
GehringHomberger,800,c2_8_5,2009-01-01,24,11425.2272,NBD,BC4,best_known_solutions/GehringHomberger/2009-01-01/c2_8_5.24_11425.2272.txt
GehringHomberger,800,c2_8_6,2018-11-01,23,12235.2993,SCR,SCR,best_known_solutions/GehringHomberger/2018-11-01/c2_8_6.23_12235.2993.txt
GehringHomberger,800,c2_8_7,2012-04-05,24,11370.8433,BC4,BC4,best_known_solutions/GehringHomberger/2012-04-05/c2_8_7.24_11370.8433.txt
GehringHomberger,800,c2_8_8,2015-03-18,23,11288.0128,Q,Q,best_known_solutions/GehringHomberger/2015-03-18/c2_8_8.23_11288.0128.txt
GehringHomberger,800,c2_8_9,2018-01-08,23,11592.5230,Q,Q,best_known_solutions/GehringHomberger/2018-01-08/c2_8_9.23_11592.523.txt
GehringHomberger,800,c2_8_10,2016-07-08,23,10977.3573,Q,Q,best_known_solutions/GehringHomberger/2016-07-08/c2_8_10.23_10977.3573.txt
GehringHomberger,800,r1_8_1,2018-12-01,80,36769.5051,SCR,SCR,best_known_solutions/GehringHomberger/2018-12-01/r1_8_1.80_36769.5051.txt
GehringHomberger,800,r1_8_2,2019-01-01,72,32322.8550,CAINIAO,CAINIAO,best_known_solutions/GehringHomberger/2019-01-01/r1_8_2.72_32322.855.txt
GehringHomberger,800,r1_8_3,2019-05-01,72,29342.5280,SCR,SCR,best_known_solutions/GehringHomberger/2019-05-01/r1_8_3.72_29342.528.txt
GehringHomberger,800,r1_8_4,2019-08-29,72,27771.8775,SCR,SCR,best_known_solutions/GehringHomberger/2019-08-29/r1_8_4.72_27771.8775.txt
GehringHomberger,800,r1_8_5,2019-05-01,72,33529.7346,CAINIAO & SCR,CAINIAO & SCR,best_known_solutions/GehringHomberger/2019-05-01/r1_8_5.72_33529.7346.txt
GehringHomberger,800,r1_8_6,2019-04-01,72,30925.2558,SCR,SCR,best_known_solutions/GehringHomberger/2019-04-01/r1_8_6.72_30925.2558.txt
GehringHomberger,800,r1_8_7,2019-06-08,72,28861.8860,SCR,SCR,best_known_solutions/GehringHomberger/2019-06-08/r1_8_7.72_28861.886.txt
GehringHomberger,800,r1_8_8,2019-04-01,72,27652.6962,SCR,SCR,best_known_solutions/GehringHomberger/2019-04-01/r1_8_8.72_27652.6962.txt
GehringHomberger,800,r1_8_9,2019-06-08,72,32301.6643,SCR,SCR,best_known_solutions/GehringHomberger/2019-06-08/r1_8_9.72_32301.6643.txt
GehringHomberger,800,r1_8_10,2020-02-01,72,30952.7654,SCR,SCR,best_known_solutions/GehringHomberger/2020-02-01/r1_8_10.72_30952.7654.txt
GehringHomberger,800,r2_8_1,2018-03-01,15,28112.3572,SCR,SCR,best_known_solutions/GehringHomberger/2018-03-01/r2_8_1.15_28112.3572.txt
GehringHomberger,800,r2_8_2,2009-01-01,15,22795.7852,NBD,CAINIAO,best_known_solutions/GehringHomberger/2009-01-01/r2_8_2.15_22795.7852.txt
GehringHomberger,800,r2_8_3,2018-07-09,15,17703.9875,SCR,SCR,best_known_solutions/GehringHomberger/2018-07-09/r2_8_3.15_17703.9875.txt
GehringHomberger,800,r2_8_4,2018-11-01,15,13192.3188,SCR,SCR,best_known_solutions/GehringHomberger/2018-11-01/r2_8_4.15_13192.3188.txt
GehringHomberger,800,r2_8_5,2018-11-01,15,24254.9990,SCR,SCR,best_known_solutions/GehringHomberger/2018-11-01/r2_8_5.15_24254.999.txt
GehringHomberger,800,r2_8_6,2019-04-01,15,20412.0181,CAINIAO & SCR,CAINIAO & SCR,best_known_solutions/GehringHomberger/2019-04-01/r2_8_6.15_20412.0181.txt
GehringHomberger,800,r2_8_7,2019-04-01,15,16597.8654,SCR,SCR,best_known_solutions/GehringHomberger/2019-04-01/r2_8_7.15_16597.8654.txt
GehringHomberger,800,r2_8_8,2018-07-04,15,12642.6740,SCR,SCR,best_known_solutions/GehringHomberger/2018-07-04/r2_8_8.15_12642.674.txt
GehringHomberger,800,r2_8_9,2019-08-07,15,22277.0415,SCR,SCR,best_known_solutions/GehringHomberger/2019-08-07/r2_8_9.15_22277.0415.txt
GehringHomberger,800,r2_8_10,2018-09-19,15,20358.6072,CAINIAO,CAINIAO,best_known_solutions/GehringHomberger/2018-09-19/r2_8_10.15_20358.6072.txt
GehringHomberger,800,rc1_8_1,2019-08-29,72,30464.6542,SCR,SCR,best_known_solutions/GehringHomberger/2019-08-29/rc1_8_1.72_30464.6542.txt
GehringHomberger,800,rc1_8_2,2019-06-01,72,28511.5494,SCR,SCR,best_known_solutions/GehringHomberger/2019-06-01/rc1_8_2.72_28511.5494.txt
GehringHomberger,800,rc1_8_3,2019-05-01,72,27559.2457,SCR,SCR,best_known_solutions/GehringHomberger/2019-05-01/rc1_8_3.72_27559.2457.txt
GehringHomberger,800,rc1_8_4,2020-02-01,72,26663.4533,SCR,SCR,best_known_solutions/GehringHomberger/2020-02-01/rc1_8_4.72_26663.4533.txt
GehringHomberger,800,rc1_8_5,2019-06-01,72,29508.2740,SCR,SCR,best_known_solutions/GehringHomberger/2019-06-01/rc1_8_5.72_29508.274.txt
GehringHomberger,800,rc1_8_6,2019-05-01,72,29458.3840,SCR,SCR,best_known_solutions/GehringHomberger/2019-05-01/rc1_8_6.72_29458.384.txt
GehringHomberger,800,rc1_8_7,2019-06-01,72,29021.5908,SCR,SCR,best_known_solutions/GehringHomberger/2019-06-01/rc1_8_7.72_29021.5908.txt
GehringHomberger,800,rc1_8_8,2019-05-01,72,28607.5057,SCR,SCR,best_known_solutions/GehringHomberger/2019-05-01/rc1_8_8.72_28607.5057.txt
GehringHomberger,800,rc1_8_9,2019-05-01,72,28555.5315,SCR,SCR,best_known_solutions/GehringHomberger/2019-05-01/rc1_8_9.72_28555.5315.txt
GehringHomberger,800,rc1_8_10,2019-06-08,72,28371.3954,SCR,SCR,best_known_solutions/GehringHomberger/2019-06-08/rc1_8_10.72_28371.3954.txt
GehringHomberger,800,rc2_8_1,2012-04-05,18,20981.1447,BC4,BC4,best_known_solutions/GehringHomberger/2012-04-05/rc2_8_1.18_20981.1447.txt
GehringHomberger,800,rc2_8_2,2018-09-19,16,18151.9514,CAINIAO,CAINIAO,best_known_solutions/GehringHomberger/2018-09-19/rc2_8_2.16_18151.9514.txt
GehringHomberger,800,rc2_8_3,2018-09-25,15,14427.3928,SCR,SCR,best_known_solutions/GehringHomberger/2018-09-25/rc2_8_3.15_14427.3928.txt
GehringHomberger,800,rc2_8_4,2018-09-26,15,10999.0286,CAINIAO,CAINIAO,best_known_solutions/GehringHomberger/2018-09-26/rc2_8_4.15_10999.0286.txt
GehringHomberger,800,rc2_8_5,2019-04-01,15,19074.0238,CAINIAO & SCR,CAINIAO & SCR,best_known_solutions/GehringHomberger/2019-04-01/rc2_8_5.15_19074.0238.txt
GehringHomberger,800,rc2_8_6,2018-09-19,15,18143.0420,CAINIAO,CAINIAO,best_known_solutions/GehringHomberger/2018-09-19/rc2_8_6.15_18143.042.txt
GehringHomberger,800,rc2_8_7,2018-09-25,15,16817.4592,SCR,SCR,best_known_solutions/GehringHomberger/2018-09-25/rc2_8_7.15_16817.4592.txt
GehringHomberger,800,rc2_8_8,2018-09-26,15,15759.1384,CAINIAO,CAINIAO,best_known_solutions/GehringHomberger/2018-09-26/rc2_8_8.15_15759.1384.txt
GehringHomberger,800,rc2_8_9,2018-10-01,15,15333.5861,SCR,SCR,best_known_solutions/GehringHomberger/2018-10-01/rc2_8_9.15_15333.5861.txt
GehringHomberger,800,rc2_8_10,2018-11-01,15,14411.8069,SCR,SCR,best_known_solutions/GehringHomberger/2018-11-01/rc2_8_10.15_14411.8069.txt
GehringHomberger,1000,c1_10_1,2001-01-01,100,42478.9516,GH,Q,best_known_solutions/GehringHomberger/2001-01-01/c1_10_1.100_42478.9516.txt
GehringHomberger,1000,c1_10_2,2018-11-01,90,42222.9555,CAINIAO,CAINIAO,best_known_solutions/GehringHomberger/2018-11-01/c1_10_2.90_42222.9555.txt
GehringHomberger,1000,c1_10_3,2015-09-17,90,40101.3564,Q,Q,best_known_solutions/GehringHomberger/2015-09-17/c1_10_3.90_40101.3564.txt
GehringHomberger,1000,c1_10_4,2013-04-17,90,39468.5974,Q,Q,best_known_solutions/GehringHomberger/2013-04-17/c1_10_4.90_39468.5974.txt
GehringHomberger,1000,c1_10_5,2005-02-25,100,42469.1758,RP,BS,best_known_solutions/GehringHomberger/2005-02-25/c1_10_5.100_42469.1758.txt
GehringHomberger,1000,c1_10_6,2014-09-05,99,43830.2125,Q,Q,best_known_solutions/GehringHomberger/2014-09-05/c1_10_6.99_43830.2125.txt
GehringHomberger,1000,c1_10_7,2018-12-01,97,43372.0314,SCR,SCR,best_known_solutions/GehringHomberger/2018-12-01/c1_10_7.97_43372.0314.txt
GehringHomberger,1000,c1_10_8,2020-03-31,92,42629.9122,CAINIAO,CAINIAO,best_known_solutions/GehringHomberger/2020-03-31/c1_10_8.92_42629.9122.txt
GehringHomberger,1000,c1_10_9,2020-03-04,90,40323.9946,SCR,SCR,best_known_solutions/GehringHomberger/2020-03-04/c1_10_9.90_40323.9946.txt
GehringHomberger,1000,c1_10_10,2018-09-10,90,39852.4426,SCR,SCR,best_known_solutions/GehringHomberger/2018-09-10/c1_10_10.90_39852.4426.txt
GehringHomberger,1000,c2_10_1,2001-01-01,30,16879.2419,LL,SCR,best_known_solutions/GehringHomberger/2001-01-01/c2_10_1.30_16879.2419.txt
GehringHomberger,1000,c2_10_2,2009-01-01,29,17126.3876,NBD,BC4,best_known_solutions/GehringHomberger/2009-01-01/c2_10_2.29_17126.3876.txt
GehringHomberger,1000,c2_10_3,2018-12-01,28,16829.4747,CAINIAO & SCR,CAINIAO & SCR,best_known_solutions/GehringHomberger/2018-12-01/c2_10_3.28_16829.4747.txt
GehringHomberger,1000,c2_10_4,2018-12-01,28,15607.4780,SCR,SCR,best_known_solutions/GehringHomberger/2018-12-01/c2_10_4.28_15607.478.txt
GehringHomberger,1000,c2_10_5,2012-07-31,30,16561.2859,VCGP,VCGP,best_known_solutions/GehringHomberger/2012-07-31/c2_10_5.30_16561.2859.txt
GehringHomberger,1000,c2_10_6,2018-11-01,29,16863.7061,SCR,SCR,best_known_solutions/GehringHomberger/2018-11-01/c2_10_6.29_16863.7061.txt
GehringHomberger,1000,c2_10_7,2019-06-08,29,17602.8449,SCR,SCR,best_known_solutions/GehringHomberger/2019-06-08/c2_10_7.29_17602.8449.txt
GehringHomberger,1000,c2_10_8,2018-11-01,28,16512.4312,SCR,SCR,best_known_solutions/GehringHomberger/2018-11-01/c2_10_8.28_16512.4312.txt
GehringHomberger,1000,c2_10_9,2018-11-01,29,16363.9430,SCR,SCR,best_known_solutions/GehringHomberger/2018-11-01/c2_10_9.29_16363.943.txt
GehringHomberger,1000,c2_10_10,2018-11-01,28,15937.4475,SCR,SCR,best_known_solutions/GehringHomberger/2018-11-01/c2_10_10.28_15937.4475.txt
GehringHomberger,1000,r1_10_1,2020-03-04,100,53412.1129,SCR,SCR,best_known_solutions/GehringHomberger/2020-03-04/r1_10_1.100_53412.1129.txt
GehringHomberger,1000,r1_10_2,2019-06-01,91,48307.8087,SCR,SCR,best_known_solutions/GehringHomberger/2019-06-01/r1_10_2.91_48307.8087.txt
GehringHomberger,1000,r1_10_3,2019-06-08,91,44722.2234,SCR,SCR,best_known_solutions/GehringHomberger/2019-06-08/r1_10_3.91_44722.2234.txt
GehringHomberger,1000,r1_10_4,2019-08-07,91,42485.1351,SCR,SCR,best_known_solutions/GehringHomberger/2019-08-07/r1_10_4.91_42485.1351.txt
GehringHomberger,1000,r1_10_5,2019-06-01,91,50452.8687,SCR,SCR,best_known_solutions/GehringHomberger/2019-06-01/r1_10_5.91_50452.8687.txt
GehringHomberger,1000,r1_10_6,2019-08-29,91,46974.4495,SCR,SCR,best_known_solutions/GehringHomberger/2019-08-29/r1_10_6.91_46974.4495.txt
GehringHomberger,1000,r1_10_7,2020-03-04,91,44040.9154,SCR,SCR,best_known_solutions/GehringHomberger/2020-03-04/r1_10_7.91_44040.9154.txt
GehringHomberger,1000,r1_10_8,2019-06-08,91,42321.9956,SCR,SCR,best_known_solutions/GehringHomberger/2019-06-08/r1_10_8.91_42321.9956.txt
GehringHomberger,1000,r1_10_9,2019-04-01,91,49208.0979,SCR,SCR,best_known_solutions/GehringHomberger/2019-04-01/r1_10_9.91_49208.0979.txt
GehringHomberger,1000,r1_10_10,2020-02-01,91,47409.8285,SCR,SCR,best_known_solutions/GehringHomberger/2020-02-01/r1_10_10.91_47409.8285.txt
GehringHomberger,1000,r2_10_1,2019-04-01,19,42182.5714,CAINIAO,CAINIAO,best_known_solutions/GehringHomberger/2019-04-01/r2_10_1.19_42182.5714.txt
GehringHomberger,1000,r2_10_2,2018-11-01,19,33411.2098,SCR,SCR,best_known_solutions/GehringHomberger/2018-11-01/r2_10_2.19_33411.2098.txt
GehringHomberger,1000,r2_10_3,2018-11-01,19,24916.8843,SCR,SCR,best_known_solutions/GehringHomberger/2018-11-01/r2_10_3.19_24916.8843.txt
GehringHomberger,1000,r2_10_4,2019-10-11,19,17851.9586,CAINIAO,CAINIAO,best_known_solutions/GehringHomberger/2019-10-11/r2_10_4.19_17851.9586.txt
GehringHomberger,1000,r2_10_5,2018-11-01,19,36216.0541,SCR,SCR,best_known_solutions/GehringHomberger/2018-11-01/r2_10_5.19_36216.0541.txt
GehringHomberger,1000,r2_10_6,2019-08-29,19,29978.0155,SCR,SCR,best_known_solutions/GehringHomberger/2019-08-29/r2_10_6.19_29978.0155.txt
GehringHomberger,1000,r2_10_7,2019-08-29,19,23219.6085,SCR,SCR,best_known_solutions/GehringHomberger/2019-08-29/r2_10_7.19_23219.6085.txt
GehringHomberger,1000,r2_10_8,2019-06-08,19,17442.2923,SCR,SCR,best_known_solutions/GehringHomberger/2019-06-08/r2_10_8.19_17442.2923.txt
GehringHomberger,1000,r2_10_9,2018-10-01,19,32995.7087,CAINIAO,CAINIAO,best_known_solutions/GehringHomberger/2018-10-01/r2_10_9.19_32995.7087.txt
GehringHomberger,1000,r2_10_10,2018-11-01,19,30207.4894,SCR,SCR,best_known_solutions/GehringHomberger/2018-11-01/r2_10_10.19_30207.4894.txt
GehringHomberger,1000,rc1_10_1,2020-01-04,90,45830.6235,CAINIAO,CAINIAO,best_known_solutions/GehringHomberger/2020-01-04/rc1_10_1.90_45830.6235.txt
GehringHomberger,1000,rc1_10_2,2019-05-01,90,43718.8449,SCR,SCR,best_known_solutions/GehringHomberger/2019-05-01/rc1_10_2.90_43718.8449.txt
GehringHomberger,1000,rc1_10_3,2019-05-01,90,42163.4594,SCR,SCR,best_known_solutions/GehringHomberger/2019-05-01/rc1_10_3.90_42163.4594.txt
GehringHomberger,1000,rc1_10_4,2020-03-04,90,41397.8107,SCR,SCR,best_known_solutions/GehringHomberger/2020-03-04/rc1_10_4.90_41397.8107.txt
GehringHomberger,1000,rc1_10_5,2019-06-08,90,45069.3748,SCR,SCR,best_known_solutions/GehringHomberger/2019-06-08/rc1_10_5.90_45069.3748.txt
GehringHomberger,1000,rc1_10_6,2019-10-11,90,44944.9478,SCR,SCR,best_known_solutions/GehringHomberger/2019-10-11/rc1_10_6.90_44944.9478.txt
GehringHomberger,1000,rc1_10_7,2020-03-04,90,44457.7866,SCR,SCR,best_known_solutions/GehringHomberger/2020-03-04/rc1_10_7.90_44457.7866.txt
GehringHomberger,1000,rc1_10_8,2020-02-01,90,43956.9138,SCR,SCR,best_known_solutions/GehringHomberger/2020-02-01/rc1_10_8.90_43956.9138.txt
GehringHomberger,1000,rc1_10_9,2019-05-01,90,43899.4491,SCR,SCR,best_known_solutions/GehringHomberger/2019-05-01/rc1_10_9.90_43899.4491.txt
GehringHomberger,1000,rc1_10_10,2020-02-01,90,43573.9524,SCR,SCR,best_known_solutions/GehringHomberger/2020-02-01/rc1_10_10.90_43573.9524.txt
GehringHomberger,1000,rc2_10_1,2018-12-01,20,30276.2710,CAINIAO,CAINIAO,best_known_solutions/GehringHomberger/2018-12-01/rc2_10_1.20_30276.271.txt
GehringHomberger,1000,rc2_10_2,2018-11-01,18,26104.0860,SCR,SCR,best_known_solutions/GehringHomberger/2018-11-01/rc2_10_2.18_26104.086.txt
GehringHomberger,1000,rc2_10_3,2020-02-01,18,19911.4830,SCR,SCR,best_known_solutions/GehringHomberger/2020-02-01/rc2_10_3.18_19911.483.txt
GehringHomberger,1000,rc2_10_4,2019-03-01,18,15693.2788,CAINIAO,CAINIAO,best_known_solutions/GehringHomberger/2019-03-01/rc2_10_4.18_15693.2788.txt
GehringHomberger,1000,rc2_10_5,2019-08-07,18,27067.0434,SCR,SCR,best_known_solutions/GehringHomberger/2019-08-07/rc2_10_5.18_27067.0434.txt
GehringHomberger,1000,rc2_10_6,2018-09-27,18,26741.2658,CAINIAO,CAINIAO,best_known_solutions/GehringHomberger/2018-09-27/rc2_10_6.18_26741.2658.txt
GehringHomberger,1000,rc2_10_7,2020-02-01,18,24999.6553,SCR,SCR,best_known_solutions/GehringHomberger/2020-02-01/rc2_10_7.18_24999.6553.txt
GehringHomberger,1000,rc2_10_8,2019-04-01,18,23595.3270,SCR,SCR,best_known_solutions/GehringHomberger/2019-04-01/rc2_10_8.18_23595.327.txt
GehringHomberger,1000,rc2_10_9,2019-04-01,18,22943.4230,SCR,SCR,best_known_solutions/GehringHomberger/2019-04-01/rc2_10_9.18_22943.423.txt
GehringHomberger,1000,rc2_10_10,2019-08-07,18,21834.9357,SCR,SCR,best_known_solutions/GehringHomberger/2019-08-07/rc2_10_10.18_21834.9357.txt
